Material,Steel,
Geometry,Rectangular,
Width,3.15,mm
Thickness,3.15,mm
Length,50.8,mm
,,
Time,Extension,Load
(s),(mm),(N)
0,0,296.61
0.1,0.00043,296.88
0.2,0.00273,314.33
0.3,0.00487,320.59
0.4,0.00683,325.07
0.5,0.00854,328.74
0.6,0.00999,331.56
0.7,0.0117,335.26
0.8,0.01358,338.84
0.9,0.01537,341.90
1,0.01699,344.52
1.1,0.01836,347.08
1.2,0.02006,350.63
1.3,0.02211,355.21
1.4,0.02399,359.59
1.5,0.02553,363.16
1.6,0.02715,367.29
1.7,0.02869,371.46
1.8,0.03048,376.73
1.9,0.03219,381.98
2,0.03381,386.75
2.1,0.03543,392.18
2.2,0.03723,399.24
2.3,0.0391,406.82
2.4,0.04073,413.71
2.5,0.04235,420.74
2.6,0.04389,427.70
2.7,0.04576,436.10
2.8,0.04764,444.40
2.9,0.04918,450.59
3,0.05063,456.54
3.1,0.05225,463.16
3.2,0.05422,471.99
3.3,0.05618,480.39
3.4,0.05772,487.38
3.5,0.05934,494.50
3.6,0.06088,502.21
3.7,0.06267,511.17
3.8,0.06438,520.74
3.9,0.066,530.01
4,0.06754,539.40
4.1,0.06933,550.58
4.2,0.07121,563.20
4.3,0.07291,575.34
4.4,0.07454,586.20
4.5,0.07607,597.37
4.6,0.07795,610.41
4.7,0.07983,624.68
4.8,0.08137,636.69
4.9,0.08282,647.20
5,0.08444,659.07
5.1,0.08632,674.16
5.2,0.08828,690.36
5.3,0.08999,703.60
5.4,0.09153,715.36
5.5,0.09315,728.00
5.6,0.09477,741.02
5.7,0.09656,755.46
5.8,0.09819,768.47
5.9,0.09981,780.40
6,0.10152,793.66
6.1,0.10331,809.09
6.2,0.1051,823.71
6.3,0.10672,835.85
6.4,0.10835,847.75
6.5,0.11005,859.17
6.6,0.11193,873.48
6.7,0.11355,886.44
6.8,0.11509,896.95
6.9,0.11654,907.46
7,0.11842,921.01
7.1,0.12047,937.38
7.2,0.12218,949.87
7.3,0.12371,959.76
7.4,0.12534,970.97
7.5,0.12696,982.22
7.6,0.12875,995.45
7.7,0.13046,1007.62
7.8,0.132,1017.70
7.9,0.13362,1028.89
8,0.1355,1042.29
8.1,0.13738,1055.73
8.2,0.13891,1065.80
8.3,0.14045,1075.85
8.4,0.14224,1087.11
8.5,0.14404,1099.74
8.6,0.14574,1112.08
8.7,0.14728,1120.98
8.8,0.14873,1129.84
8.9,0.15052,1141.19
9,0.15257,1156.11
9.1,0.15437,1168.01
9.2,0.1559,1176.57
9.3,0.15744,1185.76
9.4,0.15915,1196.07
9.5,0.16094,1208.08
9.6,0.16265,1219.21
9.7,0.1641,1228.10
9.8,0.16581,1237.39
9.9,0.16769,1250.00
10,0.16956,1262.20
10.1,0.1711,1271.05
10.2,0.17272,1280.08
10.3,0.17443,1289.63
10.4,0.17622,1300.92
10.5,0.17802,1312.14
10.6,0.17947,1320.14
10.7,0.18092,1327.74
10.8,0.18263,1337.43
10.9,0.18468,1350.95
11,0.18655,1362.72
11.1,0.18809,1370.40
11.2,0.18963,1378.49
11.3,0.19125,1387.28
11.4,0.19304,1397.96
11.5,0.19475,1408.21
11.6,0.19637,1416.86
11.7,0.19799,1424.94
11.8,0.19979,1435.90
11.9,0.20167,1446.78
12,0.20337,1456.12
12.1,0.20491,1463.32
12.2,0.20653,1472.02
12.3,0.20833,1482.18
12.4,0.2102,1493.15
12.5,0.21174,1500.89
12.6,0.21319,1507.83
12.7,0.21473,1515.30
12.8,0.21678,1527.43
12.9,0.21874,1539.28
13,0.22028,1546.29
13.1,0.22182,1553.75
13.2,0.22344,1561.04
13.3,0.22523,1570.98
13.4,0.22694,1580.67
13.5,0.22865,1588.77
13.6,0.2301,1595.37
13.7,0.23198,1604.71
13.8,0.23385,1615.48
13.9,0.23556,1623.97
14,0.2371,1630.33
14.1,0.23872,1637.71
14.2,0.24051,1647.11
14.3,0.24231,1656.95
14.4,0.24393,1663.88
14.5,0.24538,1670.12
14.6,0.24692,1676.05
14.7,0.24888,1686.81
14.8,0.25084,1697.55
14.9,0.25255,1704.67
15,0.254,1710.35
15.1,0.25563,1716.90
15.2,0.25733,1725.35
15.3,0.25913,1733.91
15.4,0.26083,1741.41
15.5,0.26237,1746.77
15.6,0.26408,1754.34
15.7,0.26596,1764.12
15.8,0.26775,1771.92
15.9,0.26929,1777.63
16,0.27091,1784.13
16.1,0.27262,1791.72
16.2,0.27449,1800.56
16.3,0.27612,1807.58
16.4,0.27765,1813.15
16.5,0.27911,1818.26
16.6,0.28098,1827.32
16.7,0.28303,1837.36
16.8,0.28474,1844.54
16.9,0.28628,1849.51
17,0.28781,1855.12
17.1,0.28952,1861.90
17.2,0.29131,1868.89
17.3,0.29302,1874.91
17.4,0.29447,1879.17
17.5,0.29627,1885.20
17.6,0.29815,1894.22
17.7,0.29994,1900.99
17.8,0.30147,1905.63
17.9,0.3031,1911.32
18,0.3048,1917.75
18.1,0.30668,1925.71
18.2,0.30831,1931.28
18.3,0.30984,1936.15
18.4,0.31129,1940.35
18.5,0.31309,1947.83
18.6,0.31514,1957.20
18.7,0.31693,1964.19
18.8,0.31847,1968.07
18.9,0.32,1973.11
19,0.32171,1979.27
19.1,0.3235,1986.79
19.2,0.32521,1993.18
19.3,0.32666,1997.54
19.4,0.32837,2002.94
19.5,0.33025,2011.63
19.6,0.33213,2018.79
19.7,0.33366,2023.28
19.8,0.33529,2028.13
19.9,0.33691,2034.15
20,0.33879,2041.74
20.1,0.34058,2048.64
20.2,0.34212,2052.81
20.3,0.34357,2057.19
20.4,0.34527,2063.53
20.5,0.34724,2072.25
20.6,0.34903,2079.36
20.7,0.35065,2083.87
20.8,0.35219,2088.54
20.9,0.3539,2094.23
21,0.35561,2101.32
21.1,0.3574,2107.86
21.2,0.35894,2112.82
21.3,0.36047,2117.12
21.4,0.36244,2125.72
21.5,0.36431,2132.98
21.6,0.36594,2137.98
21.7,0.36747,2142.30
21.8,0.3691,2147.81
21.9,0.37089,2154.94
22,0.37277,2162.16
22.1,0.3743,2166.31
22.2,0.37576,2170.35
22.3,0.37738,2176.08
22.4,0.37926,2184.08
22.5,0.3813,2192.77
22.6,0.38293,2197.11
22.7,0.38438,2201.08
22.8,0.386,2205.98
22.9,0.38779,2213.16
23,0.38959,2219.89
23.1,0.39121,2225.18
23.2,0.39266,2228.83
23.3,0.39454,2236.26
23.4,0.39642,2244.12
23.5,0.39812,2249.30
23.6,0.39966,2253.40
23.7,0.40128,2258.64
23.8,0.40308,2264.89
23.9,0.40487,2272.24
24,0.40649,2276.57
24.1,0.40794,2280.81
24.2,0.40948,2285.26
24.3,0.41144,2292.91
24.4,0.41341,2301.34
24.5,0.41511,2306.13
24.6,0.41665,2309.39
24.7,0.41819,2314.16
24.8,0.4199,2320.18
24.9,0.42169,2326.93
25,0.42331,2331.99
25.1,0.42485,2335.15
25.2,0.42664,2342.01
25.3,0.42852,2348.83
25.4,0.43031,2354.51
25.5,0.43185,2358.16
25.6,0.43347,2362.30
25.7,0.43518,2368.18
25.8,0.43706,2375.31
25.9,0.43868,2379.10
26,0.44022,2382.85
26.1,0.44167,2386.44
26.2,0.44346,2392.46
26.3,0.44551,2400.95
26.4,0.4473,2406.05
26.5,0.44884,2408.82
26.6,0.45038,2413.15
26.7,0.45208,2418.17
26.8,0.45388,2424.48
26.9,0.4555,2429.67
27,0.45704,2433.32
27.1,0.45874,2438.29
27.2,0.46071,2445.83
27.3,0.4625,2451.74
27.4,0.46404,2455.22
27.5,0.46566,2459.53
27.6,0.46737,2464.84
27.7,0.46916,2471.27
27.8,0.47095,2477.71
27.9,0.47249,2480.35
28,0.47394,2483.75
28.1,0.47565,2489.67
28.2,0.47761,2498.08
28.3,0.47949,2504.38
28.4,0.48103,2507.37
28.5,0.48265,2511.69
28.6,0.48427,2516.44
28.7,0.48598,2522.94
28.8,0.48777,2528.49
28.9,0.48931,2532.48
29,0.49093,2537.06
29.1,0.49281,2544.48
29.2,0.49469,2550.94
29.3,0.49623,2554.75
29.4,0.49776,2558.68
29.5,0.49947,2563.44
29.6,0.50135,2571.27
29.7,0.50314,2577.35
29.8,0.50468,2580.38
29.9,0.50604,2583.62
30,0.50775,2588.66
30.1,0.50972,2597.49
30.2,0.51168,2604.79
30.3,0.51322,2607.68
30.4,0.51484,2612.00
30.5,0.51646,2616.95
30.6,0.51817,2622.73
30.7,0.51988,2628.76
30.8,0.5215,2633.30
30.9,0.52303,2636.91
31,0.52491,2644.67
31.1,0.52688,2652.04
31.2,0.5285,2656.29
31.3,0.53004,2660.29
31.4,0.53157,2664.70
31.5,0.53345,2671.67
31.6,0.53533,2679.32
31.7,0.53687,2682.35
31.8,0.53832,2686.10
31.9,0.53994,2690.70
32,0.54173,2697.72
32.1,0.54387,2706.95
32.2,0.54549,2711.33
32.3,0.54703,2714.08
32.4,0.54856,2719.12
32.5,0.55036,2725.21
32.6,0.55206,2731.29
32.7,0.55369,2736.13
32.8,0.55522,2740.77
32.9,0.55702,2746.45
33,0.55898,2754.80
33.1,0.5606,2759.79
33.2,0.56222,2763.74
33.3,0.56385,2768.42
33.4,0.56555,2773.90
33.5,0.56743,2781.92
33.6,0.56905,2786.73
33.7,0.57059,2790.00
33.8,0.57204,2793.77
33.9,0.57392,2801.33
34,0.57597,2810.12
34.1,0.57776,2815.90
34.2,0.57921,2818.28
34.3,0.58075,2823.22
34.4,0.58246,2828.65
34.5,0.58425,2835.58
34.6,0.58587,2840.29
34.7,0.58741,2844.79
34.8,0.5892,2851.04
34.9,0.59108,2858.64
35,0.59288,2864.67
35.1,0.59441,2868.79
35.2,0.59595,2873.08
35.3,0.59774,2879.28
35.4,0.59962,2886.73
35.5,0.60133,2892.82
35.6,0.60278,2895.80
35.7,0.60432,2899.67
35.8,0.60602,2906.24
35.9,0.60816,2915.91
36,0.60987,2921.39
36.1,0.6114,2925.03
36.2,0.61294,2929.32
36.3,0.61456,2934.53
36.4,0.61635,2941.48
36.5,0.61806,2946.81
36.6,0.61968,2952.09
36.7,0.62131,2957.44
36.8,0.62318,2964.71
36.9,0.62506,2971.52
37,0.6266,2975.74
37.1,0.62822,2980.17
37.2,0.62984,2984.98
37.3,0.63172,2992.78
37.4,0.63352,2999.60
37.5,0.63505,3003.18
37.6,0.6365,3006.93
37.7,0.63813,3012.60
37.8,0.64026,3021.98
37.9,0.64205,3029.09
38,0.64359,3032.25
38.1,0.64521,3036.85
38.2,0.64683,3042.03
38.3,0.64854,3048.62
38.4,0.65016,3054.16
38.5,0.65179,3059.53
38.6,0.65349,3065.09
38.7,0.65537,3071.98
38.8,0.65717,3079.47
38.9,0.65879,3083.92
39,0.66041,3088.39
39.1,0.66203,3093.18
39.2,0.66391,3100.98
39.3,0.6657,3108.25
39.4,0.66724,3111.99
39.5,0.66869,3115.83
39.6,0.67031,3120.51
39.7,0.67228,3129.86
39.8,0.67424,3138.25
39.9,0.67578,3141.22
40,0.6774,3145.61
40.1,0.67894,3150.88
40.2,0.68073,3157.27
40.3,0.68252,3164.07
40.4,0.68415,3169.41
40.5,0.68568,3173.80
40.6,0.68748,3180.49
40.7,0.68927,3187.35
40.8,0.69098,3193.06
40.9,0.6926,3197.85
41,0.69413,3201.92
41.1,0.69601,3210.04
41.2,0.69789,3217.34
41.3,0.69943,3221.40
41.4,0.70097,3225.40
41.5,0.70242,3229.58
41.6,0.70438,3238.00
41.7,0.70643,3247.18
41.8,0.70797,3251.07
41.9,0.70959,3255.23
42,0.71121,3260.57
42.1,0.71283,3266.34
42.2,0.71463,3273.63
42.3,0.71633,3278.95
42.4,0.71787,3283.22
42.5,0.71958,3289.32
42.6,0.72146,3297.46
42.7,0.72316,3303.70
42.8,0.72479,3308.07
42.9,0.72632,3312.68
43,0.72812,3318.93
43.1,0.73008,3327.64
43.2,0.73162,3332.23
43.3,0.73315,3336.08
43.4,0.7346,3340.09
43.5,0.73648,3347.26
43.6,0.73853,3357.36
43.7,0.74024,3362.59
43.8,0.74178,3366.26
43.9,0.7434,3371.58
44,0.74502,3377.12
44.1,0.74673,3383.83
44.2,0.74844,3389.30
44.3,0.75006,3394.33
44.4,0.75168,3400.33
44.5,0.75356,3407.63
44.6,0.75544,3415.00
44.7,0.75697,3419.31
44.8,0.7586,3423.99
44.9,0.76022,3429.62
45,0.76218,3437.99
45.1,0.76389,3444.28
45.2,0.76534,3447.47
45.3,0.76679,3451.13
45.4,0.76859,3458.40
45.5,0.77063,3468.18
45.6,0.77243,3474.91
45.7,0.77396,3478.50
45.8,0.77559,3483.24
45.9,0.77721,3488.82
46,0.779,3495.86
46.1,0.78071,3502.01
46.2,0.78225,3506.67
46.3,0.78387,3512.13
46.4,0.78566,3519.44
46.5,0.78763,3527.29
46.6,0.78916,3532.60
46.7,0.79078,3537.08
46.8,0.79241,3542.36
46.9,0.79429,3550.05
47,0.79608,3557.84
47.1,0.79761,3561.09
47.2,0.79898,3565.02
47.3,0.80069,3570.85
47.4,0.80274,3580.76
47.5,0.8047,3588.66
47.6,0.80615,3592.00
47.7,0.80778,3596.69
47.8,0.80931,3601.96
47.9,0.8111,3608.41
48,0.8129,3615.92
48.1,0.81443,3620.70
48.2,0.81606,3625.30
48.3,0.81785,3632.86
48.4,0.81973,3640.59
48.5,0.82144,3646.44
48.6,0.82297,3650.71
48.7,0.82459,3655.84
48.8,0.82639,3663.03
48.9,0.82827,3671.15
49,0.8298,3675.35
49.1,0.83125,3679.03
49.2,0.83288,3684.05
49.3,0.83484,3694.17
49.4,0.8368,3702.55
49.5,0.83843,3706.74
49.6,0.83988,3710.38
49.7,0.8415,3715.89
49.8,0.84329,3723.31
49.9,0.84509,3730.42
50,0.84662,3735.84
50.1,0.84816,3739.60
50.2,0.85004,3747.48
50.3,0.85192,3755.92
50.4,0.85362,3761.48
50.5,0.85516,3766.03
50.6,0.85687,3771.63
50.7,0.85858,3778.38
50.8,0.86045,3786.21
50.9,0.86199,3790.62
51,0.86344,3794.73
51.1,0.86498,3799.26
51.2,0.86694,3808.76
51.3,0.86899,3817.74
51.4,0.87061,3822.84
51.5,0.87207,3826.47
51.6,0.87369,3831.12
51.7,0.8754,3838.41
51.8,0.87727,3845.97
51.9,0.8789,3851.55
52,0.88035,3855.85
52.1,0.88214,3862.74
52.2,0.88402,3870.36
52.3,0.88581,3877.90
52.4,0.88735,3881.86
52.5,0.88889,3886.76
52.6,0.89068,3893.64
52.7,0.89256,3901.38
52.8,0.89418,3908.12
52.9,0.89572,3911.92
53,0.89717,3915.81
53.1,0.89905,3923.59
53.2,0.90109,3933.98
53.3,0.9028,3939.69
53.4,0.90434,3943.60
53.5,0.90588,3948.20
53.6,0.90758,3954.85
53.7,0.90938,3962.47
53.8,0.91108,3968.96
53.9,0.91262,3973.33
54,0.91424,3978.90
54.1,0.91621,3987.53
54.2,0.918,3995.09
54.3,0.91954,3999.47
54.4,0.92116,4004.33
54.5,0.92287,4011.09
54.6,0.92474,4018.74
54.7,0.92637,4025.13
54.8,0.9279,4029.53
54.9,0.92936,4033.31
55,0.93115,4040.43
55.1,0.9332,4050.63
55.2,0.93499,4057.64
55.3,0.93653,4061.51
55.4,0.93806,4065.98
55.5,0.93977,4072.77
55.6,0.94156,4080.24
55.7,0.94327,4087.09
55.8,0.94481,4091.41
55.9,0.94643,4096.51
56,0.94831,4105.40
56.1,0.95019,4113.26
56.2,0.95172,4118.00
56.3,0.95335,4122.85
56.4,0.95497,4128.86
56.5,0.95685,4136.42
56.6,0.95856,4143.76
56.7,0.96018,4148.37
56.8,0.96154,4152.45
56.9,0.96325,4158.05
57,0.9653,4168.69
57.1,0.96718,4177.05
57.2,0.96872,4181.06
57.3,0.97025,4185.20
57.4,0.97187,4191.04
57.5,0.97375,4198.89
57.6,0.97546,4206.23
57.7,0.977,4211.04
57.8,0.97853,4214.79
57.9,0.9805,4224.47
58,0.98238,4233.03
58.1,0.984,4237.52
58.2,0.98554,4242.36
58.3,0.98724,4248.38
58.4,0.98904,4256.09
58.5,0.99074,4263.11
58.6,0.99237,4267.91
58.7,0.99382,4272.28
58.8,0.99535,4277.32
58.9,0.9974,4287.31
59,0.99937,4296.65
59.1,1.0009,4300.96
59.2,1.00244,4305.21
59.3,1.00406,4310.53
59.4,1.00586,4318.27
59.5,1.00765,4325.77
59.6,1.00919,4330.72
59.7,1.01064,4334.16
59.8,1.0126,4343.49
59.9,1.01456,4352.21
60,1.01619,4357.59
60.1,1.01772,4362.11
60.2,1.01935,4367.46
60.3,1.02114,4375.20
60.4,1.02302,4383.43
60.5,1.02455,4388.63
60.6,1.02609,4392.81
60.7,1.02763,4398.04
60.8,1.02951,4406.23
60.9,1.03147,4415.84
61,1.03309,4421.44
61.1,1.03463,4426.12
61.2,1.03625,4431.08
61.3,1.03804,4438.68
61.4,1.03984,4446.29
61.5,1.04146,4452.07
61.6,1.04282,4455.49
61.7,1.04479,4463.58
61.8,1.04667,4472.79
61.9,1.04837,4479.45
62,1.04991,4483.43
62.1,1.05153,4489.24
62.2,1.05324,4495.94
62.3,1.05512,4503.74
62.4,1.05683,4510.56
62.5,1.05819,4513.94
62.6,1.05973,4518.84
62.7,1.06152,4526.40
62.8,1.06357,4536.38
62.9,1.06536,4544.07
63,1.0669,4547.96
63.1,1.06844,4552.45
63.2,1.07015,4559.02
63.3,1.07194,4567.21
63.4,1.07365,4573.69
63.5,1.0751,4577.99
63.6,1.07681,4583.85
63.7,1.07877,4593.46
63.8,1.08056,4601.10
63.9,1.0821,4605.62
64,1.08372,4610.70
64.1,1.08543,4617.13
64.2,1.08722,4625.23
64.3,1.08893,4632.13
64.4,1.09047,4636.64
64.5,1.09192,4640.95
64.6,1.09371,4647.66
64.7,1.09576,4658.48
64.8,1.09755,4666.38
64.9,1.09909,4670.40
65,1.10063,4675.04
65.1,1.10225,4680.89
65.2,1.10413,4689.26
65.3,1.10583,4696.46
65.4,1.10729,4700.48
65.5,1.10899,4706.86
65.6,1.11096,4715.93
65.7,1.11275,4723.65
65.8,1.11429,4728.48
65.9,1.11591,4733.72
66,1.11753,4739.70
66.1,1.11941,4747.73
66.2,1.12112,4755.27
66.3,1.12265,4759.81
66.4,1.12419,4764.11
66.5,1.12581,4770.00
66.6,1.12778,4779.69
66.7,1.12974,4789.53
66.8,1.13128,4793.98
66.9,1.1329,4798.72
67,1.13444,4804.29
67.1,1.13623,4811.78
67.2,1.13794,4819.11
67.3,1.13956,4825.03
67.4,1.1411,4829.28
67.5,1.14297,4838.20
67.6,1.14494,4847.58
67.7,1.14656,4852.73
67.8,1.1481,4857.53
67.9,1.14972,4863.27
68,1.15143,4870.63
68.1,1.15339,4879.88
68.2,1.15493,4885.38
68.3,1.15638,4889.17
68.4,1.15792,4894.03
68.5,1.15997,4903.52
68.6,1.16193,4913.96
68.7,1.16347,4918.81
68.8,1.16509,4923.54
68.9,1.16671,4929.14
69,1.16842,4935.97
69.1,1.17013,4943.56
69.2,1.17175,4949.48
69.3,1.17328,4954.10
69.4,1.17516,4962.42
69.5,1.17704,4971.55
69.6,1.17875,4977.67
69.7,1.18029,4982.25
69.8,1.18174,4986.52
69.9,1.1837,4995.45
70,1.18558,5005.01
70.1,1.1872,5010.03
70.2,1.18857,5013.68
70.3,1.1901,5017.79
70.4,1.19207,5027.30
70.5,1.19403,5037.93
70.6,1.19574,5044.64
70.7,1.19728,5048.22
70.8,1.1989,5054.09
70.9,1.20052,5060.30
71,1.20231,5067.94
71.1,1.20394,5074.44
71.2,1.20539,5078.28
71.3,1.20727,5086.24
71.4,1.20914,5096.08
71.5,1.21094,5103.22
71.6,1.21247,5108.01
71.7,1.21401,5113.10
71.8,1.2158,5119.87
71.9,1.21777,5129.94
72,1.21939,5136.45
72.1,1.22084,5140.24
72.2,1.22238,5144.91
72.3,1.22409,5151.76
72.4,1.22613,5162.58
72.5,1.22801,5171.57
72.6,1.22946,5174.91
72.7,1.23109,5180.33
72.8,1.23271,5186.59
72.9,1.23442,5193.99
73,1.23612,5200.40
73.1,1.23766,5206.27
73.2,1.23937,5212.01
73.3,1.24125,5221.52
73.4,1.24312,5229.82
73.5,1.24475,5235.00
73.6,1.24628,5240.10
73.7,1.24791,5245.94
73.8,1.24978,5254.46
73.9,1.25158,5263.16
74,1.25311,5267.24
74.1,1.25448,5271.19
74.2,1.25619,5277.17
74.3,1.25824,5288.42
74.4,1.2602,5297.99
74.5,1.26165,5301.72
74.6,1.26327,5306.63
74.7,1.26481,5312.32
74.8,1.2666,5320.18
74.9,1.26823,5326.98
75,1.26985,5332.50
75.1,1.27147,5338.51
75.2,1.27343,5347.64
75.3,1.27523,5356.15
75.4,1.27694,5361.95
75.5,1.27847,5366.82
75.6,1.28009,5372.30
75.7,1.28197,5381.48
75.8,1.28385,5390.29
75.9,1.2853,5394.66
76,1.28675,5398.73
76.1,1.28829,5404.01
76.2,1.29043,5414.69
76.3,1.29239,5425.19
76.4,1.29393,5429.16
76.5,1.29546,5433.71
76.6,1.297,5439.59
76.7,1.29879,5446.79
76.8,1.30041,5453.97
76.9,1.30212,5460.02
77,1.30374,5466.20
77.1,1.30554,5473.92
77.2,1.3075,5483.30
77.3,1.30912,5489.12
77.4,1.31066,5494.04
77.5,1.3122,5498.80
77.6,1.31408,5507.46
77.7,1.31595,5516.53
77.8,1.31758,5522.43
77.9,1.31894,5526.26
78,1.32048,5530.45
78.1,1.32253,5540.53
78.2,1.32458,5551.54
78.3,1.32611,5557.11
78.4,1.32765,5561.05
78.5,1.32919,5566.71
78.6,1.3309,5573.31
78.7,1.3326,5581.20
78.8,1.33422,5587.30
78.9,1.33593,5593.48
79,1.33764,5600.65
79.1,1.3396,5609.97
79.2,1.34131,5617.11
79.3,1.34285,5621.74
79.4,1.34439,5626.58
79.5,1.34618,5634.46
79.6,1.34814,5644.58
79.7,1.34976,5650.12
79.8,1.35122,5654.23
79.9,1.35258,5657.71
80,1.35455,5666.75
80.1,1.35668,5678.44
80.2,1.3583,5684.88
80.3,1.35984,5688.68
80.4,1.36138,5694.23
80.5,1.36308,5700.42
80.6,1.36488,5708.54
80.7,1.3665,5715.48
80.8,1.36812,5721.14
80.9,1.36983,5728.10
81,1.37162,5736.26
81.1,1.37341,5743.57
81.2,1.37504,5749.54
81.3,1.37649,5753.60
81.4,1.37837,5761.68
81.5,1.38024,5771.64
81.6,1.38195,5778.25
81.7,1.38349,5782.42
81.8,1.38485,5786.07
81.9,1.38665,5793.47
82,1.38878,5805.42
82.1,1.39049,5813.37
82.2,1.39203,5817.05
82.3,1.39356,5822.57
82.4,1.39527,5828.64
82.5,1.39706,5836.88
82.6,1.39877,5844.44
82.7,1.40031,5849.51
82.8,1.40193,5855.44
82.9,1.40381,5863.78
83,1.40569,5873.14
83.1,1.40722,5878.12
83.2,1.40885,5883.53
83.3,1.41038,5888.84
83.4,1.41243,5898.83
83.5,1.41414,5907.46
83.6,1.41568,5911.24
83.7,1.41713,5915.39
83.8,1.41875,5921.41
83.9,1.42089,5933.01
84,1.42268,5941.94
84.1,1.42421,5946.16
84.2,1.42584,5951.40
84.3,1.42746,5957.60
84.4,1.42917,5964.90
84.5,1.43087,5972.07
84.6,1.4325,5977.97
84.7,1.43412,5984.35
84.8,1.43591,5991.71
84.9,1.43779,6000.89
85,1.43941,6007.64
85.1,1.44103,6012.26
85.2,1.44257,6017.80
85.3,1.44454,6026.54
85.4,1.44641,6035.91
85.5,1.44786,6040.39
85.6,1.44923,6043.63
85.7,1.45094,6049.82
85.8,1.45299,6060.87
85.9,1.45487,6070.46
86,1.45649,6075.48
86.1,1.45803,6080.19
86.2,1.45956,6085.97
86.3,1.46135,6093.33
86.4,1.46306,6100.90
86.5,1.46468,6106.67
86.6,1.46631,6112.72
86.7,1.46801,6119.56
86.8,1.46998,6129.02
86.9,1.47169,6136.85
87,1.47322,6141.34
87.1,1.47484,6147.07
87.2,1.47664,6154.08
87.3,1.47852,6164.24
87.4,1.48005,6169.48
87.5,1.4815,6173.10
87.6,1.48304,6177.78
87.7,1.48509,6187.65
87.8,1.48705,6199.01
87.9,1.48868,6204.38
88,1.49021,6208.48
88.1,1.49184,6214.24
88.2,1.49346,6220.31
88.3,1.49525,6228.84
88.4,1.49696,6235.60
88.5,1.49841,6240.08
88.6,1.5002,6247.07
88.7,1.50208,6256.03
88.8,1.50387,6264.44
88.9,1.50541,6269.24
89,1.50695,6274.14
89.1,1.50874,6281.30
89.2,1.5107,6290.31
89.3,1.51224,6297.13
89.4,1.51378,6301.17
89.5,1.51523,6305.22
89.6,1.51711,6313.83
89.7,1.51924,6325.84
89.8,1.52086,6332.07
89.9,1.52232,6335.91
90,1.52385,6340.02
90.1,1.52565,6348.34
90.2,1.52744,6356.40
90.3,1.52915,6363.47
90.4,1.5306,6367.14
90.5,1.53231,6374.03
90.6,1.53435,6384.33
90.7,1.53606,6392.15
90.8,1.53768,6396.73
90.9,1.53931,6402.43
91,1.54101,6409.19
91.1,1.54281,6417.42
91.2,1.54443,6423.52
91.3,1.54597,6428.23
91.4,1.54733,6431.97
91.5,1.54921,6439.88
91.6,1.55134,6451.61
91.7,1.55305,6459.39
91.8,1.55459,6463.54
91.9,1.55604,6467.22
92,1.55783,6474.33
92.1,1.55963,6482.72
92.2,1.56133,6489.67
92.3,1.56287,6494.38
92.4,1.56449,6500.05
92.5,1.56637,6508.48
92.6,1.56825,6517.09
92.7,1.56979,6522.81
92.8,1.57141,6527.71
92.9,1.57303,6533.57
93,1.57491,6541.83
93.1,1.5767,6550.42
93.2,1.57824,6554.91
93.3,1.57961,6558.93
93.4,1.58131,6564.14
93.5,1.58345,6575.69
93.6,1.58524,6584.85
93.7,1.58678,6588.95
93.8,1.58831,6593.35
93.9,1.58994,6598.61
94,1.59173,6607.43
94.1,1.59352,6615.19
94.2,1.59506,6620.26
94.3,1.59668,6625.05
94.4,1.59847,6632.53
94.5,1.60044,6642.70
94.6,1.60206,6647.92
94.7,1.6036,6652.80
94.8,1.6053,6658.66
94.9,1.60701,6666.29
95,1.60889,6674.51
95.1,1.61043,6679.80
95.2,1.61179,6683.49
95.3,1.61342,6688.27
95.4,1.61546,6699.14
95.5,1.61743,6708.73
95.6,1.61897,6713.34
95.7,1.6205,6717.12
95.8,1.62212,6722.87
95.9,1.62392,6730.84
96,1.62571,6738.69
96.1,1.62733,6743.96
96.2,1.62878,6748.04
96.3,1.63066,6756.02
96.4,1.63254,6765.59
96.5,1.63425,6771.80
96.6,1.63579,6776.28
96.7,1.63741,6781.52
96.8,1.6392,6789.05
96.9,1.64099,6797.10
97,1.64262,6802.76
97.1,1.64415,6807.35
97.2,1.6456,6810.83
97.3,1.64757,6820.65
97.4,1.64962,6831.55
97.5,1.65124,6836.90
97.6,1.65269,6840.63
97.7,1.65423,6844.83
97.8,1.65611,6853.30
97.9,1.6579,6861.24
98,1.65952,6866.99
98.1,1.66089,6870.05
98.2,1.66285,6877.81
98.3,1.66481,6888.60
98.4,1.66644,6894.03
98.5,1.66806,6898.51
98.6,1.6696,6903.81
98.7,1.67139,6910.72
98.8,1.67318,6918.79
98.9,1.6748,6924.37
99,1.67634,6929.13
99.1,1.67771,6932.10
99.2,1.67967,6940.91
99.3,1.68172,6951.80
99.4,1.68343,6958.23
99.5,1.68496,6962.15
99.6,1.68642,6965.67
99.7,1.68829,6973.73
99.8,1.69009,6981.23
99.9,1.69171,6987.64
100,1.69307,6990.50
100.1,1.69495,6997.56
100.2,1.69692,7007.60
100.3,1.69862,7014.77
100.4,1.70016,7018.53
100.5,1.70178,7023.39
100.6,1.70349,7029.56
100.7,1.70528,7037.38
100.8,1.70708,7044.78
100.9,1.70853,7049.15
101,1.71007,7052.94
101.1,1.71177,7059.64
101.2,1.71374,7069.35
101.3,1.71553,7076.87
101.4,1.71715,7081.81
101.5,1.7186,7085.02
101.6,1.7204,7092.48
101.7,1.72219,7099.97
101.8,1.7239,7106.65
101.9,1.72535,7110.36
102,1.72706,7115.18
102.1,1.72902,7125.51
102.2,1.73081,7133.32
102.3,1.73243,7137.49
102.4,1.73397,7142.02
102.5,1.73568,7147.74
102.6,1.73747,7155.32
102.7,1.73927,7162.59
102.8,1.74072,7166.75
102.9,1.74225,7170.48
103,1.74388,7176.50
103.1,1.74584,7185.39
103.2,1.7478,7195.22
103.3,1.74934,7199.11
103.4,1.75088,7202.43
103.5,1.7525,7207.46
103.6,1.75429,7215.69
103.7,1.75608,7222.68
103.8,1.75762,7227.75
103.9,1.75916,7230.92
104,1.76112,7240.08
104.1,1.763,7248.79
104.2,1.76462,7253.43
104.3,1.76616,7257.57
104.4,1.76778,7262.61
104.5,1.76957,7270.02
104.6,1.77137,7277.36
104.7,1.77299,7282.47
104.8,1.77444,7286.01
104.9,1.77598,7290.37
105,1.77803,7299.27
105.1,1.77999,7310.05
105.2,1.78161,7314.14
105.3,1.78306,7317.33
105.4,1.78469,7321.87
105.5,1.78648,7329.28
105.6,1.78827,7337.03
105.7,1.78981,7341.92
105.8,1.79135,7345.14
105.9,1.79331,7353.92
106,1.79519,7362.66
106.1,1.79681,7367.32
106.2,1.79835,7371.11
106.3,1.79997,7375.77
106.4,1.80176,7382.67
106.5,1.80364,7390.80
106.6,1.80518,7395.27
106.7,1.80663,7398.88
106.8,1.80817,7402.80
106.9,1.81004,7409.84
107,1.81218,7420.95
107.1,1.8138,7425.96
107.2,1.81534,7429.08
107.3,1.81687,7433.68
107.4,1.81858,7439.35
107.5,1.82038,7446.20
107.6,1.822,7452.14
107.7,1.82345,7455.51
107.8,1.82533,7461.99
107.9,1.82738,7471.76
108,1.829,7477.49
108.1,1.83054,7480.99
108.2,1.83207,7485.15
108.3,1.83387,7490.97
108.4,1.83574,7499.29
108.5,1.83745,7506.00
108.6,1.8389,7508.89
108.7,1.84035,7511.54
108.8,1.84215,7517.96
108.9,1.84428,7528.85
109,1.84599,7535.59
109.1,1.84753,7538.15
109.2,1.84915,7542.62
109.3,1.85077,7547.64
109.4,1.85256,7554.24
109.5,1.85419,7560.01
109.6,1.85564,7563.68
109.7,1.85743,7569.19
109.8,1.85939,7578.07
109.9,1.86127,7585.27
110,1.86272,7588.18
110.1,1.86418,7590.81
110.2,1.86597,7596.77
110.3,1.86802,7606.36
110.4,1.86972,7612.54
110.5,1.87118,7614.40
110.6,1.87246,7616.45
110.7,1.87434,7622.47
110.8,1.87638,7632.78
110.9,1.87826,7640.62
111,1.87971,7642.99
111.1,1.88134,7646.65
111.2,1.88296,7651.43
111.3,1.88475,7657.92
111.4,1.88646,7663.75
111.5,1.88783,7667.41
111.6,1.88953,7670.85
111.7,1.8915,7680.46
111.8,1.89337,7687.63
111.9,1.895,7691.54
112,1.89645,7694.62
112.1,1.89807,7698.67
112.2,1.90003,7706.90
112.3,1.90191,7714.54
112.4,1.90336,7717.15
112.5,1.90482,7719.52
112.6,1.90644,7724.16
112.7,1.9084,7731.87
112.8,1.91045,7741.66
112.9,1.91199,7745.37
113,1.91352,7747.61
113.1,1.91506,7751.73
113.2,1.91685,7757.60
113.3,1.91848,7762.98
113.4,1.92018,7767.82
113.5,1.92172,7771.65
113.6,1.9236,7778.54
113.7,1.92556,7786.69
113.8,1.92719,7790.88
113.9,1.92872,7794.33
114,1.93034,7798.04
114.1,1.93214,7803.63
114.2,1.93402,7811.49
114.3,1.93555,7815.84
114.4,1.937,7817.21
114.5,1.93854,7820.14
114.6,1.9405,7828.16
114.7,1.94264,7838.00
114.8,1.94418,7841.86
114.9,1.94571,7843.99
115,1.94733,7848.17
115.1,1.94904,7853.19
115.2,1.95075,7858.98
115.3,1.95229,7863.02
115.4,1.95391,7866.50
115.5,1.95579,7872.98
115.6,1.95767,7880.51
115.7,1.95937,7885.72
115.8,1.96091,7888.48
115.9,1.96245,7890.94
116,1.96424,7897.74
116.1,1.9662,7905.28
116.2,1.96783,7909.85
116.3,1.96928,7911.40
116.4,1.97073,7913.73
116.5,1.97261,7920.04
116.6,1.97474,7930.74
116.7,1.97636,7934.73
116.8,1.9779,7936.14
116.9,1.97952,7939.92
117,1.98115,7943.97
117.1,1.98285,7949.74
117.2,1.98456,7954.06
117.3,1.98618,7958.35
117.4,1.98789,7962.91
117.5,1.98985,7970.32
117.6,1.99156,7975.78
117.7,1.9931,7978.44
117.8,1.99463,7980.96
117.9,1.99634,7984.98
118,1.99831,7993.21
118.1,2.0001,7998.19
118.2,2.00147,7999.80
118.3,2.00292,8001.14
118.4,2.00471,8006.40
118.5,2.00684,8016.62
118.6,2.00864,8022.22
118.7,2.01009,8023.06
118.8,2.01171,8026.10
118.9,2.01333,8029.74
119,2.01504,8035.28
119.1,2.01666,8039.23
119.2,2.01829,8043.45
119.3,2.01999,8047.42
119.4,2.02187,8053.98
119.5,2.02375,8060.24
119.6,2.02529,8062.66
119.7,2.02682,8064.77
119.8,2.02853,8068.26
119.9,2.03049,8076.44
120,2.0322,8081.41
120.1,2.03374,8083.13
120.2,2.0351,8084.08
120.3,2.03681,8088.09
120.4,2.03903,8097.75
120.5,2.04083,8104.36
120.6,2.04228,8104.51
120.7,2.0439,8107.10
120.8,2.04544,8110.41
120.9,2.04723,8115.39
121,2.04894,8120.48
121.1,2.05064,8124.19
121.2,2.05227,8127.23
121.3,2.05406,8132.40
121.4,2.05585,8137.55
121.5,2.05747,8141.16
121.6,2.05901,8143.10
121.7,2.06063,8145.86
121.8,2.0626,8153.40
121.9,2.06439,8158.78
122,2.06601,8160.68
122.1,2.06738,8161.42
122.2,2.06892,8163.75
122.3,2.07105,8172.25
122.4,2.07301,8180.16
122.5,2.07446,8180.53
122.6,2.07609,8182.79
122.7,2.07771,8185.91
122.8,2.07942,8189.69
122.9,2.08112,8195.02
123,2.08275,8197.83
123.1,2.08428,8200.27
123.2,2.08616,8205.04
123.3,2.08804,8211.23
123.4,2.08975,8214.91
123.5,2.09128,8216.60
123.6,2.09282,8218.45
123.7,2.0947,8223.94
123.8,2.09666,8230.94
123.9,2.0982,8232.60
124,2.09957,8233.38
124.1,2.1011,8234.86
124.2,2.10315,8241.62
124.3,2.1052,8249.89
124.4,2.10674,8251.38
124.5,2.10828,8252.54
124.6,2.1099,8255.56
124.7,2.1116,8258.98
124.8,2.11331,8263.02
124.9,2.11493,8266.13
125,2.11656,8268.70
125.1,2.11826,8272.67
125.2,2.12014,8278.24
125.3,2.12194,8282.57
125.4,2.12347,8283.69
125.5,2.12501,8285.39
125.6,2.1268,8289.45
125.7,2.12877,8296.51
125.8,2.13039,8298.69
125.9,2.13175,8298.99
126,2.13329,8299.75
126.1,2.13525,8306.29
126.2,2.1373,8313.93
126.3,2.13893,8316.44
126.4,2.14046,8316.89
126.5,2.14209,8319.27
126.6,2.14371,8321.96
126.7,2.1455,8326.54
126.8,2.14712,8329.27
126.9,2.14874,8331.54
127,2.15037,8334.63
127.1,2.15225,8339.49
127.2,2.15412,8345.03
127.3,2.15566,8346.05
127.4,2.15728,8347.70
127.5,2.15891,8350.02
127.6,2.16087,8355.93
127.7,2.16258,8359.64
127.8,2.16403,8359.67
127.9,2.16548,8360.05
128,2.16727,8364.13
128.1,2.16949,8372.78
128.2,2.1712,8376.12
128.3,2.17265,8375.95
128.4,2.17427,8377.40
128.5,2.1759,8379.67
128.6,2.17769,8383.97
128.7,2.1794,8388.21
128.8,2.18093,8389.09
128.9,2.18256,8390.96
129,2.18443,8395.50
129.1,2.18631,8400.66
129.2,2.18785,8402.21
129.3,2.18947,8403.22
129.4,2.19109,8405.67
129.5,2.19297,8409.67
129.6,2.19476,8414.48
129.7,2.1963,8414.89
129.8,2.19767,8414.92
129.9,2.19938,8417.16
130,2.20159,8425.59
130.1,2.20339,8429.92
130.2,2.20484,8429.12
130.3,2.20629,8428.89
130.4,2.208,8432.25
130.5,2.20988,8436.60
130.6,2.21158,8440.70
130.7,2.21304,8440.89
130.8,2.21466,8441.45
130.9,2.21662,8447.60
131,2.2185,8452.20
131.1,2.22012,8453.36
131.2,2.22174,8454.06
131.3,2.22337,8456.57
131.4,2.22516,8460.10
131.5,2.22687,8463.29
131.6,2.22849,8463.93
131.7,2.22986,8464.34
131.8,2.23148,8465.58
131.9,2.23361,8473.28
132,2.23558,8478.47
132.1,2.23711,8478.22
132.2,2.23856,8477.65
132.3,2.24019,8479.33
132.4,2.24206,8483.96
132.5,2.24377,8487.51
132.6,2.24539,8488.22
132.7,2.24693,8488.96
132.8,2.24872,8492.77
132.9,2.2506,8496.72
133,2.25231,8499.74
133.1,2.25385,8499.23
133.2,2.25547,8500.60
133.3,2.25718,8503.81
133.4,2.25914,8508.65
133.5,2.26068,8509.55
133.6,2.26221,8509.60
133.7,2.26367,8509.01
133.8,2.26563,8514.83
133.9,2.26768,8521.32
134,2.2693,8521.81
134.1,2.27075,8521.22
134.2,2.27229,8521.48
134.3,2.27417,8525.48
134.4,2.27596,8529.23
134.5,2.27758,8530.78
134.6,2.27912,8530.55
134.7,2.28083,8533.04
134.8,2.28279,8538.18
134.9,2.2845,8540.44
135,2.28604,8540.29
135.1,2.28766,8541.16
135.2,2.28937,8543.78
135.3,2.29124,8547.40
135.4,2.29295,8549.66
135.5,2.2944,8549.26
135.6,2.29577,8548.10
135.7,2.29773,8552.88
135.8,2.29978,8559.26
135.9,2.30149,8560.75
136,2.30294,8559.53
136.1,2.30448,8559.57
136.2,2.30636,8563.41
136.3,2.30815,8566.82
136.4,2.30977,8568.04
136.5,2.31122,8567.77
136.6,2.31293,8569.04
136.7,2.31498,8574.63
136.8,2.31669,8577.42
136.9,2.31822,8576.78
137,2.31985,8577.42
137.1,2.32155,8579.48
137.2,2.32335,8582.37
137.3,2.32514,8585.18
137.4,2.32668,8585.01
137.5,2.32804,8583.62
137.6,2.32975,8586.18
137.7,2.33197,8593.60
137.8,2.33368,8596.05
137.9,2.33521,8594.40
138,2.33667,8593.62
138.1,2.33846,8596.19
138.2,2.34034,8599.63
138.3,2.34196,8601.56
138.4,2.34341,8600.99
138.5,2.34503,8600.35
138.6,2.34725,8607.83
138.7,2.34896,8610.40
138.8,2.35041,8608.66
138.9,2.35212,8609.64
139,2.35374,8611.15
139.1,2.35562,8614.05
139.2,2.35733,8615.94
139.3,2.35886,8615.72
139.4,2.36023,8614.30
139.5,2.36194,8616.33
139.6,2.36407,8622.99
139.7,2.36586,8626.22
139.8,2.36749,8625.22
139.9,2.36885,8623.50
140,2.37065,8625.74
140.1,2.37244,8628.75
140.2,2.37415,8630.87
140.3,2.3756,8630.07
140.4,2.37722,8629.28
140.5,2.37927,8635.14
140.6,2.38106,8638.40
140.7,2.38268,8637.59
140.8,2.38422,8637.52
140.9,2.38584,8638.34
141,2.38764,8640.81
141.1,2.38952,8644.28
141.2,2.39105,8644.07
141.3,2.3925,8642.98
141.4,2.39413,8643.79
141.5,2.39609,8647.86
141.6,2.39797,8651.54
141.7,2.39959,8651.69
141.8,2.40104,8650.76
141.9,2.40275,8651.58
142,2.40463,8654.81
142.1,2.40633,8656.97
142.2,2.40787,8656.58
142.3,2.40932,8654.60
142.4,2.41137,8659.38
142.5,2.41334,8664.38
142.6,2.41487,8663.11
142.7,2.41641,8662.72
142.8,2.41812,8663.34
142.9,2.41982,8665.20
143,2.4217,8667.93
143.1,2.42324,8668.25
143.2,2.42469,8666.95
143.3,2.42631,8667.11
143.4,2.42811,8669.95
143.5,2.43024,8675.69
143.6,2.43186,8676.59
143.7,2.4334,8674.36
143.8,2.43485,8673.33
143.9,2.43673,8676.26
144,2.43852,8678.59
144.1,2.44014,8679.50
144.2,2.44151,8678.04
144.3,2.44339,8679.98
144.4,2.44544,8685.15
144.5,2.44706,8685.94
144.6,2.4486,8684.56
144.7,2.45022,8684.59
144.8,2.45193,8685.86
144.9,2.45381,8688.33
145,2.45543,8689.49
145.1,2.45696,8688.82
145.2,2.45842,8687.60
145.3,2.46021,8688.94
145.4,2.46243,8696.23
145.5,2.46414,8697.65
145.6,2.46559,8694.12
145.7,2.46712,8693.71
145.8,2.46883,8694.81
145.9,2.47071,8698.37
146,2.47233,8699.49
146.1,2.4737,8696.81
146.2,2.47558,8699.03
146.3,2.47763,8704.49
146.4,2.47933,8705.45
146.5,2.48079,8703.13
146.6,2.48241,8702.86
146.7,2.48412,8703.74
146.8,2.48599,8707.14
146.9,2.48762,8707.66
147,2.48924,8707.07
147.1,2.49069,8705.83
147.2,2.49231,8706.26
147.3,2.49453,8712.01
147.4,2.49632,8715.90
147.5,2.49778,8711.95
147.6,2.4994,8711.67
147.7,2.50102,8712.21
147.8,2.50273,8713.55
147.9,2.50444,8715.01
148,2.50597,8714.83
148.1,2.50759,8714.16
148.2,2.50964,8719.23
148.3,2.51152,8722.79
148.4,2.51306,8719.97
148.5,2.5146,8719.16
148.6,2.51622,8718.99
148.7,2.5181,8721.56
148.8,2.51997,8725.30
148.9,2.52143,8723.30
149,2.52288,8721.23
149.1,2.52441,8720.87
149.2,2.52655,8725.49
149.3,2.5286,8731.09
149.4,2.52996,8727.58
149.5,2.53159,8726.67
149.6,2.53321,8727.10
149.7,2.53492,8728.05
149.8,2.53662,8729.84
149.9,2.53825,8729.58
150,2.53978,8728.35
150.1,2.54175,8732.25
150.2,2.54371,8735.67
150.3,2.54525,8734.34
150.4,2.5467,8732.34
150.5,2.54832,8731.64
150.6,2.55028,8736.18
150.7,2.55216,8739.07
150.8,2.5537,8736.85
150.9,2.55507,8734.61
151,2.5566,8733.27
151.1,2.55865,8738.05
151.2,2.56079,8744.02
151.3,2.56224,8740.83
151.4,2.56377,8739.06
151.5,2.5654,8739.25
151.6,2.5671,8740.18
151.7,2.56881,8741.92
151.8,2.57043,8742.06
151.9,2.57189,8739.19
152,2.57376,8742.75
152.1,2.57581,8747.87
152.2,2.57744,8746.83
152.3,2.57897,8744.77
152.4,2.58051,8743.63
152.5,2.5823,8745.74
152.6,2.58435,8750.20
152.7,2.58589,8748.93
152.8,2.58734,8746.60
152.9,2.58888,8745.43
153,2.59058,8746.25
153.1,2.5928,8752.89
153.2,2.59451,8754.88
153.3,2.59596,8750.23
153.4,2.59758,8750.28
153.5,2.59929,8750.74
153.6,2.60091,8751.50
153.7,2.60262,8752.04
153.8,2.60416,8751.85
153.9,2.60587,8751.83
154,2.60792,8756.37
154.1,2.60971,8757.89
154.2,2.61116,8755.46
154.3,2.6127,8754.24
154.4,2.61449,8754.82
154.5,2.61637,8757.80
154.6,2.61808,8758.86
154.7,2.61953,8756.43
154.8,2.62098,8754.16
154.9,2.62277,8754.89
155,2.62491,8761.38
155.1,2.6267,8763.76
155.2,2.62815,8759.18
155.3,2.62977,8758.96
155.4,2.6314,8758.78
155.5,2.63319,8760.41
155.6,2.63481,8760.36
155.7,2.63635,8759.40
155.8,2.63797,8759.46
155.9,2.64002,8763.59
156,2.6419,8766.31
156.1,2.64335,8763.62
156.2,2.6448,8761.46
156.3,2.64651,8761.28
156.4,2.64856,8766.06
156.5,2.65035,8768.02
156.6,2.6518,8764.34
156.7,2.65325,8762.26
156.8,2.65479,8761.59
156.9,2.65709,8768.53
157,2.65897,8771.81
157.1,2.66034,8767.02
157.2,2.66196,8765.88
157.3,2.66358,8765.48
157.4,2.66529,8767.08
157.5,2.667,8767.46
157.6,2.66862,8767.56
157.7,2.67024,8767.29
157.8,2.67212,8768.84
157.9,2.67408,8773.19
158,2.67562,8770.90
158.1,2.67707,8768.68
158.2,2.6787,8767.88
158.3,2.68066,8771.29
158.4,2.68254,8773.47
158.5,2.68399,8771.53
158.6,2.68544,8769.08
158.7,2.68689,8767.20
158.8,2.68911,8773.04
158.9,2.69125,8778.61
159,2.69261,8773.64
159.1,2.69415,8771.83
159.2,2.69577,8771.57
159.3,2.69748,8772.45
159.4,2.6991,8772.81
159.5,2.70072,8772.99
159.6,2.70235,8772.59
159.7,2.70422,8773.86
159.8,2.70619,8777.50
159.9,2.70781,8776.65
160,2.70926,8774.27
160.1,2.7108,8773.15
160.2,2.71276,8775.45
160.3,2.71473,8780.02
160.4,2.71626,8777.16
160.5,2.71763,8774.58
160.6,2.71908,8771.61
160.7,2.72121,8777.05
160.8,2.72343,8782.70
160.9,2.7248,8779.72
161,2.72634,8776.47
161.1,2.72796,8776.75
161.2,2.72958,8776.40
161.3,2.73137,8778.03
161.4,2.73308,8778.29
161.5,2.73462,8777.32
161.6,2.73641,8778.46
161.7,2.7382,8779.87
161.8,2.73991,8780.03
161.9,2.74145,8778.93
162,2.74299,8776.50
162.1,2.74495,8779.44
162.2,2.74683,8782.59
162.3,2.74845,8781.07
162.4,2.7499,8778.65
162.5,2.75127,8775.48
162.6,2.75323,8778.08
162.7,2.75545,8784.32
162.8,2.75707,8783.64
162.9,2.75852,8779.46
163,2.76015,8779.49
163.1,2.76177,8778.75
163.2,2.76356,8780.61
163.3,2.76527,8780.91
163.4,2.76672,8779.27
163.5,2.76843,8779.18
163.6,2.77039,8781.67
163.7,2.77219,8784.54
163.8,2.77372,8781.90
163.9,2.77526,8780.25
164,2.77688,8779.59
164.1,2.7791,8785.04
164.2,2.78072,8785.42
164.3,2.78209,8781.59
164.4,2.78354,8779.24
164.5,2.78533,8779.78
164.6,2.78755,8786.41
164.7,2.78926,8787.24
164.8,2.79071,8783.49
164.9,2.79234,8783.05
165,2.79404,8782.66
165.1,2.79575,8783.71
165.2,2.79746,8783.88
165.3,2.79899,8782.87
165.4,2.80062,8782.91
165.5,2.8025,8783.87
165.6,2.80446,8788.08
165.7,2.806,8785.57
165.8,2.80745,8783.05
165.9,2.80907,8782.95
166,2.8112,8786.19
166.1,2.81291,8787.82
166.2,2.81428,8784.11
166.3,2.81564,8781.25
166.4,2.81744,8781.80
166.5,2.81966,8787.84
166.6,2.82145,8789.78
166.7,2.8229,8786.28
166.8,2.82452,8784.65
166.9,2.82615,8784.17
167,2.82794,8785.02
167.1,2.82956,8785.43
167.2,2.8311,8784.10
167.3,2.83272,8784.12
167.4,2.83451,8784.66
167.5,2.83656,8788.21
167.6,2.83818,8788.58
167.7,2.83972,8785.21
167.8,2.84126,8784.14
167.9,2.84322,8785.92
168,2.8451,8789.92
168.1,2.84655,8786.34
168.2,2.848,8783.41
168.3,2.84954,8781.85
168.4,2.85176,8787.60
168.5,2.85372,8791.38
168.6,2.85517,8788.02
168.7,2.85671,8785.45
168.8,2.85825,8784.89
168.9,2.86004,8784.93
169,2.86183,8787.45
169.1,2.86346,8786.52
169.2,2.86499,8784.25
169.3,2.8667,8785.49
169.4,2.86875,8788.70
169.5,2.87037,8788.68
169.6,2.87191,8785.98
169.7,2.87353,8785.04
169.8,2.87524,8785.75
169.9,2.8772,8788.42
170,2.87874,8787.32
170.1,2.88019,8784.89
170.2,2.88164,8782.28
170.3,2.88378,8786.52
170.4,2.88591,8791.74
170.5,2.88736,8788.91
170.6,2.88873,8785.01
170.7,2.89035,8783.97
170.8,2.89223,8786.29
170.9,2.89402,8787.73
171,2.89556,8786.91
171.1,2.89701,8783.51
171.2,2.89889,8785.45
171.3,2.90094,8789.40
171.4,2.90265,8789.77
171.5,2.9041,8786.28
171.6,2.90572,8785.50
171.7,2.90751,8786.17
171.8,2.90939,8788.02
171.9,2.91093,8786.52
172,2.91238,8784.78
172.1,2.91374,8781.72
172.2,2.91588,8785.38
172.3,2.91801,8790.64
172.4,2.91964,8789.84
172.5,2.921,8785.51
172.6,2.92254,8783.39
172.7,2.92442,8785.62
172.8,2.92621,8787.41
172.9,2.92783,8786.54
173,2.92937,8784.61
173.1,2.93108,8784.78
173.2,2.93296,8786.80
173.3,2.93483,8788.47
173.4,2.93629,8786.05
173.5,2.93782,8784.07
173.6,2.93962,8784.83
173.7,2.94149,8786.61
173.8,2.9432,8787.72
173.9,2.94465,8785.23
174,2.9461,8782.52
174.1,2.94781,8782.52
174.2,2.95003,8788.89
174.3,2.95182,8789.92
174.4,2.95328,8785.73
174.5,2.95473,8783.45
174.6,2.95643,8783.73
174.7,2.95831,8786.25
174.8,2.96002,8786.51
174.9,2.96156,8784.29
175,2.96309,8782.87
175.1,2.96506,8785.90
175.2,2.96702,8787.87
175.3,2.96856,8786.69
175.4,2.9701,8783.93
175.5,2.9718,8783.89
175.6,2.97368,8785.44
175.7,2.97539,8786.40
175.8,2.97693,8784.54
175.9,2.97821,8781.31
176,2.98,8780.84
176.1,2.98213,8786.41
176.2,2.98401,8788.22
176.3,2.98546,8785.54
176.4,2.98691,8782.10
176.5,2.98871,8782.57
176.6,2.99059,8785.15
176.7,2.99221,8785.07
176.8,2.99375,8783.10
176.9,2.9952,8780.82
177,2.99725,8784.12
177.1,2.99921,8787.11
177.2,3.00075,8784.92
177.3,3.00228,8782.56
177.4,3.00391,8782.16
177.5,3.0057,8783.40
177.6,3.00758,8784.78
177.7,3.00911,8783.88
177.8,3.01057,8781.21
177.9,3.0121,8778.74
178,3.01424,8784.22
178.1,3.0162,8787.22
178.2,3.01774,8784.80
178.3,3.0191,8781.38
178.4,3.02081,8780.45
178.5,3.0226,8782.56
178.6,3.0244,8784.46
178.7,3.02593,8782.20
178.8,3.0273,8777.98
178.9,3.02943,8782.80
179,3.0314,8785.79
179.1,3.03302,8784.50
179.2,3.03447,8781.48
179.3,3.03609,8780.65
179.4,3.03797,8782.10
179.5,3.03976,8783.31
179.6,3.0413,8781.84
179.7,3.04275,8779.77
179.8,3.0442,8776.83
179.9,3.04634,8781.56
180,3.04839,8785.66
180.1,3.04993,8784.01
180.2,3.05138,8780.25
180.3,3.053,8778.78
180.4,3.05479,8780.97
180.5,3.05667,8782.29
180.6,3.05821,8780.57
180.7,3.05949,8776.59
180.8,3.06154,8779.71
180.9,3.06359,8784.06
181,3.06512,8782.43
181.1,3.06666,8779.48
181.2,3.06828,8778.37
181.3,3.06999,8779.34
181.4,3.07195,8781.25
181.5,3.07349,8780.64
181.6,3.07503,8778.52
181.7,3.07656,8776.52
181.8,3.07836,8777.68
181.9,3.08041,8781.70
182,3.08203,8781.26
182.1,3.08356,8779.19
182.2,3.0851,8776.54
182.3,3.08698,8778.79
182.4,3.08877,8779.71
182.5,3.0904,8779.34
182.6,3.09176,8775.69
182.7,3.09364,8776.33
182.8,3.09569,8781.31
182.9,3.0974,8781.52
183,3.09893,8777.98
183.1,3.10055,8776.83
183.2,3.10218,8776.62
183.3,3.10406,8778.21
183.4,3.10576,8778.47
183.5,3.10721,8775.89
183.6,3.10875,8774.04
183.7,3.11037,8774.26
183.8,3.11251,8778.25
183.9,3.11439,8781.54
184,3.11584,8776.95
184.1,3.11737,8774.61
184.2,3.11908,8774.50
184.3,3.12088,8776.61
184.4,3.12258,8776.93
184.5,3.12403,8774.49
184.6,3.12557,8772.31
184.7,3.12771,8776.69
184.8,3.12958,8779.57
184.9,3.13112,8776.08
185,3.13266,8774.03
185.1,3.13428,8773.57
185.2,3.13616,8775.42
185.3,3.13787,8775.99
185.4,3.13949,8774.31
185.5,3.14085,8771.73
185.6,3.14248,8770.13
185.7,3.14461,8775.39
185.8,3.14666,8778.87
185.9,3.14803,8775.07
186,3.14956,8771.97
186.1,3.15119,8771.14
186.2,3.15306,8773.31
186.3,3.15477,8774.61
186.4,3.15614,8771.60
186.5,3.15784,8770.23
186.6,3.15989,8774.36
186.7,3.16177,8775.93
186.8,3.16331,8773.63
186.9,3.16485,8770.76
187,3.16647,8770.25
187.1,3.16835,8772.11
187.2,3.17014,8773.50
187.3,3.17168,8771.13
187.4,3.17313,8769.05
187.5,3.17458,8767.14
187.6,3.17671,8770.54
187.7,3.17885,8775.49
187.8,3.1803,8772.59
187.9,3.18184,8769.34
188,3.18337,8768.55
188.1,3.18517,8768.78
188.2,3.18687,8769.38
188.3,3.1885,8768.97
188.4,3.18995,8766.39
188.5,3.19191,8768.91
188.6,3.19396,8772.45
188.7,3.1955,8771.18
188.8,3.19703,8767.86
188.9,3.19857,8766.59
189,3.20036,8767.54
189.1,3.20241,8770.55
189.2,3.20395,8769.58
189.3,3.2054,8766.21
189.4,3.20677,8763.45
189.5,3.20873,8765.60
189.6,3.21095,8770.90
189.7,3.21249,8770.12
189.8,3.21402,8766.36
189.9,3.21556,8764.94
190,3.21735,8765.33
190.1,3.21915,8766.61
190.2,3.22077,8766.07
190.3,3.22214,8763.16
190.4,3.22401,8763.95
190.5,3.22606,8767.90
190.6,3.22777,8767.90
190.7,3.22922,8764.11
190.8,3.23067,8761.11
190.9,3.23255,8763.13
191,3.23469,8768.01
191.1,3.23614,8765.66
191.2,3.23759,8762.14
191.3,3.23896,8758.59
191.4,3.24092,8760.58
191.5,3.24305,8766.02
191.6,3.24476,8767.02
191.7,3.24621,8761.87
191.8,3.24783,8760.96
191.9,3.24946,8760.26
192,3.25125,8761.30
192.1,3.25296,8761.39
192.2,3.25424,8758.06
192.3,3.25603,8757.64
192.4,3.25817,8762.53
192.5,3.25996,8763.60
192.6,3.26141,8760.38
192.7,3.26295,8757.93
192.8,3.26465,8757.51
192.9,3.2667,8760.79
193,3.26841,8761.39
193.1,3.26986,8757.73
193.2,3.27131,8755.26
193.3,3.27285,8754.53
193.4,3.27499,8757.99
193.5,3.27703,8762.94
193.6,3.2784,8757.97
193.7,3.28002,8755.83
193.8,3.28173,8755.30
193.9,3.28344,8755.34
194,3.28506,8754.84
194.1,3.28668,8753.97
194.2,3.28822,8752.44
194.3,3.29018,8754.68
194.4,3.29215,8757.55
194.5,3.29368,8754.96
194.6,3.29522,8752.48
194.7,3.29684,8751.52
194.8,3.29872,8752.80
194.9,3.3006,8755.04
195,3.30205,8752.22
195.1,3.3035,8748.86
195.2,3.30504,8747.15
195.3,3.30717,8751.09
195.4,3.30922,8756.20
195.5,3.31059,8750.76
195.6,3.31221,8748.30
195.7,3.31383,8746.95
195.8,3.31554,8747.49
195.9,3.31725,8747.39
196,3.31878,8745.89
196.1,3.32041,8744.62
196.2,3.32229,8746.00
196.3,3.32425,8749.25
196.4,3.32587,8747.35
196.5,3.32732,8744.16
196.6,3.32894,8741.94
196.7,3.33091,8744.13
196.8,3.33279,8746.85
196.9,3.33432,8743.89
197,3.33569,8740.50
197.1,3.33714,8737.58
197.2,3.33928,8740.73
197.3,3.34141,8746.39
197.4,3.34286,8742.39
197.5,3.3444,8738.64
197.6,3.34602,8737.33
197.7,3.34764,8736.74
197.8,3.34935,8736.96
197.9,3.35106,8736.06
198,3.35268,8734.93
198.1,3.35439,8734.65
198.2,3.35644,8737.66
198.3,3.35806,8736.60
198.4,3.3596,8733.21
198.5,3.36113,8730.55
198.6,3.36301,8731.07
198.7,3.36489,8733.77
198.8,3.36651,8732.32
198.9,3.36796,8728.34
199,3.36933,8724.56
199.1,3.37129,8725.63
199.2,3.3736,8732.27
199.3,3.37514,8729.50
199.4,3.37659,8724.74
199.5,3.37821,8723.13
199.6,3.37983,8722.08
199.7,3.38154,8721.97
199.8,3.38325,8720.80
199.9,3.38487,8719.37
200,3.38658,8718.77
200.1,3.38854,8720.76
200.2,3.39025,8720.62
200.3,3.39178,8716.84
200.4,3.39324,8713.76
200.5,3.39511,8713.51
200.6,3.39708,8716.26
200.7,3.3987,8714.79
200.8,3.40024,8710.87
200.9,3.40152,8706.06
201,3.4034,8705.85
201.1,3.4057,8711.80
201.2,3.40732,8711.43
201.3,3.40877,8705.13
201.4,3.4104,8702.90
201.5,3.41202,8700.98
201.6,3.41381,8700.78
201.7,3.41552,8700.21
201.8,3.41714,8698.26
201.9,3.41876,8696.39
202,3.42064,8696.18
202.1,3.42235,8695.69
202.2,3.42397,8693.53
202.3,3.42542,8689.34
202.4,3.42722,8688.38
202.5,3.42927,8690.82
202.6,3.43097,8689.10
202.7,3.43243,8685.28
202.8,3.43379,8679.86
202.9,3.4355,8678.07
203,3.43772,8682.33
203.1,3.43951,8683.37
203.2,3.44096,8677.69
203.3,3.44259,8674.36
203.4,3.44412,8671.57
203.5,3.44592,8670.90
203.6,3.44771,8670.69
203.7,3.44924,8667.29
203.8,3.45087,8664.21
203.9,3.45275,8664.03
204,3.45462,8665.32
204.1,3.45625,8662.18
204.2,3.4577,8658.09
204.3,3.45932,8654.68
204.4,3.46128,8655.78
204.5,3.46316,8656.27
204.6,3.46461,8651.24
204.7,3.46606,8646.14
204.8,3.4676,8642.65
204.9,3.46974,8645.02
205,3.4717,8648.11
205.1,3.47315,8641.73
205.2,3.47477,8637.80
205.3,3.4764,8634.79
205.4,3.4781,8633.06
205.5,3.47981,8631.60
205.6,3.48143,8628.59
205.7,3.48306,8625.51
205.8,3.48476,8623.51
205.9,3.48673,8624.42
206,3.48843,8622.65
206.1,3.48997,8617.57
206.2,3.49151,8613.75
206.3,3.49339,8612.96
206.4,3.49535,8614.26
206.5,3.4968,8609.41
206.6,3.49825,8603.39
206.7,3.49979,8599.28
206.8,3.50184,8600.56
206.9,3.50389,8604.16
207,3.50542,8598.88
207.1,3.50696,8593.61
207.2,3.50858,8589.88
207.3,3.51029,8587.61
207.4,3.51208,8586.47
207.5,3.51362,8583.11
207.6,3.51524,8579.29
207.7,3.51687,8576.91
207.8,3.51883,8576.71
207.9,3.52062,8576.30
208,3.52216,8571.02
208.1,3.52378,8566.96
208.2,3.52549,8564.30
208.3,3.52745,8565.11
208.4,3.52907,8561.85
208.5,3.53053,8556.01
208.6,3.53198,8550.56
208.7,3.53394,8550.24
208.8,3.53608,8553.92
208.9,3.53761,8549.88
209,3.53915,8543.96
209.1,3.54077,8539.85
209.2,3.54239,8536.19
209.3,3.54427,8535.75
209.4,3.54589,8533.68
209.5,3.54735,8528.08
209.6,3.54914,8525.76
209.7,3.55102,8524.85
209.8,3.55281,8524.38
209.9,3.55435,8519.71
210,3.55597,8515.25
210.1,3.55768,8512.00
210.2,3.55956,8511.03
210.3,3.56126,8509.24
210.4,3.56271,8503.63
210.5,3.56417,8497.85
210.6,3.56596,8496.19
210.7,3.56818,8499.41
210.8,3.56989,8496.78
210.9,3.57134,8490.37
211,3.57279,8484.44
211.1,3.57458,8482.95
211.2,3.57646,8481.82
211.3,3.57808,8479.71
211.4,3.57953,8473.58
211.5,3.58124,8470.20
211.6,3.58329,8471.33
211.7,3.58508,8469.75
211.8,3.58662,8464.78
211.9,3.58824,8460.04
212,3.58995,8457.15
212.1,3.59174,8455.35
212.2,3.59337,8452.18
212.3,3.5949,8446.97
212.4,3.59627,8441.48
212.5,3.59815,8439.04
212.6,3.60028,8441.71
212.7,3.60207,8440.53
212.8,3.60353,8434.12
212.9,3.60498,8428.32
213,3.60677,8425.26
213.1,3.60865,8424.35
213.2,3.61027,8421.75
213.3,3.61181,8417.01
213.4,3.61343,8412.80
213.5,3.61531,8411.50
213.6,3.61719,8410.54
213.7,3.61881,8406.63
213.8,3.62035,8400.96
213.9,3.62197,8397.21
214,3.62385,8395.81
214.1,3.62564,8394.79
214.2,3.62718,8389.72
214.3,3.62863,8383.94
214.4,3.63016,8378.88
214.5,3.6323,8380.92
214.6,3.63418,8381.08
214.7,3.63571,8375.29
214.8,3.63725,8369.85
214.9,3.63887,8364.98
215,3.64067,8364.04
215.1,3.64246,8362.19
215.2,3.64408,8357.93
215.3,3.64562,8352.60
215.4,3.64741,8350.72
215.5,3.64937,8350.71
215.6,3.651,8347.34
215.7,3.65253,8341.17
215.8,3.65416,8337.25
215.9,3.65595,8335.03
216,3.65783,8333.75
216.1,3.65936,8329.35
216.2,3.66082,8323.55
216.3,3.66235,8317.97
216.4,3.6644,8319.20
216.5,3.66637,8319.50
216.6,3.66799,8314.51
216.7,3.66944,8308.25
216.8,3.67106,8303.70
216.9,3.67285,8302.21
217,3.67465,8300.60
217.1,3.67627,8295.99
217.2,3.67772,8290.67
217.3,3.6796,8288.12
217.4,3.68156,8288.65
217.5,3.68318,8285.03
217.6,3.68472,8279.03
217.7,3.68634,8274.65
217.8,3.68814,8272.20
217.9,3.68993,8270.58
218,3.69155,8266.97
218.1,3.69309,8261.79
218.2,3.69454,8255.39
218.3,3.6965,8255.20
218.4,3.69855,8256.57
218.5,3.70018,8252.52
218.6,3.70171,8246.40
218.7,3.70316,8240.76
218.8,3.70504,8238.77
218.9,3.70683,8237.12
219,3.70846,8233.60
219.1,3.70982,8227.37
219.2,3.7117,8224.38
219.3,3.71375,8225.85
219.4,3.71537,8221.94
219.5,3.71691,8216.11
219.6,3.71853,8211.45
219.7,3.72032,8208.46
219.8,3.72212,8207.20
219.9,3.72374,8202.62
220,3.72528,8197.98
220.1,3.72673,8191.24
220.2,3.72861,8190.18
220.3,3.73066,8191.91
220.4,3.73236,8188.81
220.5,3.7339,8182.49
220.6,3.73535,8176.38
220.7,3.73714,8173.86
220.8,3.73902,8172.27
220.9,3.74064,8168.77
221,3.74201,8162.56
221.1,3.74389,8158.84
221.2,3.74585,8159.89
221.3,3.74756,8157.09
221.4,3.7491,8151.49
221.5,3.75072,8146.16
221.6,3.75243,8142.66
221.7,3.75431,8141.64
221.8,3.75601,8138.64
221.9,3.75755,8133.18
222,3.759,8127.25
222.1,3.76071,8124.38
222.2,3.76267,8124.42
222.3,3.76447,8122.63
222.4,3.76609,8117.60
222.5,3.76754,8111.16
222.6,3.76933,8108.39
222.7,3.77113,8106.53
222.8,3.77283,8103.39
222.9,3.77428,8098.05
223,3.77591,8092.40
223.1,3.77796,8093.28
223.2,3.77975,8091.64
223.3,3.78137,8086.34
223.4,3.78291,8080.75
223.5,3.78462,8076.96
223.6,3.78641,8074.23
223.7,3.7882,8072.65
223.8,3.78974,8066.70
223.9,3.79119,8060.72
224,3.79281,8057.00
224.1,3.79478,8056.40
224.2,3.79674,8057.21
224.3,3.79836,8051.74
224.4,3.79981,8045.08
224.5,3.80144,8040.01
224.6,3.80323,8038.58
224.7,3.80502,8036.18
224.8,3.80664,8031.72
224.9,3.80809,8025.34
225,3.81006,8024.56
225.1,3.81194,8023.81
225.2,3.81356,8019.24
225.3,3.8151,8013.50
225.4,3.81672,8008.84
225.5,3.81851,8006.38
225.6,3.8203,8004.50
225.7,3.82193,7999.61
225.8,3.82338,7994.14
225.9,3.82491,7988.61
226,3.82688,7988.22
226.1,3.82893,7989.22
226.2,3.83055,7984.16
226.3,3.832,7977.28
226.4,3.83362,7971.97
226.5,3.83542,7969.78
226.6,3.83721,7967.95
226.7,3.83875,7963.82
226.8,3.84028,7957.12
226.9,3.84225,7956.58
227,3.84413,7955.57
227.1,3.84575,7951.23
227.2,3.84737,7945.50
227.3,3.84891,7940.41
227.4,3.8507,7937.02
227.5,3.85258,7936.20
227.6,3.85411,7931.01
227.7,3.85565,7925.38
227.8,3.8571,7919.53
227.9,3.85898,7917.50
228,3.86112,7919.16
228.1,3.86274,7915.82
228.2,3.86427,7908.93
228.3,3.8659,7903.88
228.4,3.86752,7899.83
228.5,3.86931,7897.07
228.6,3.87102,7893.95
228.7,3.87247,7888.29
228.8,3.87426,7884.63
228.9,3.87623,7884.72
229,3.87794,7881.79
229.1,3.87947,7875.78
229.2,3.88101,7870.05
229.3,3.8828,7866.57
229.4,3.88468,7865.17
229.5,3.88647,7863.30
229.6,3.88792,7856.47
229.7,3.88929,7849.53
229.8,3.89108,7846.47
229.9,3.89322,7847.84
230,3.89493,7845.69
230.1,3.89646,7838.65
230.2,3.89808,7833.47
230.3,3.89971,7828.88
230.4,3.9015,7826.28
230.5,3.90312,7822.98
230.6,3.90466,7817.98
230.7,3.90637,7813.46
230.8,3.90833,7813.49
230.9,3.91021,7811.41
231,3.91175,7805.24
231.1,3.91311,7798.21
231.2,3.9149,7794.84
231.3,3.91695,7794.79
231.4,3.91866,7792.30
231.5,3.92011,7784.52
231.6,3.92148,7777.53
231.7,3.92319,7773.55
231.8,3.92532,7775.16
231.9,3.9272,7774.16
232,3.92874,7767.57
232.1,3.93027,7760.91
232.2,3.93189,7756.44
232.3,3.93369,7753.51
232.4,3.9354,7750.73
232.5,3.93685,7745.42
232.6,3.93847,7739.11
232.7,3.94043,7739.90
232.8,3.94231,7738.24
232.9,3.94393,7733.06
233,3.94547,7726.47
233.1,3.94701,7721.25
233.2,3.94897,7719.79
233.3,3.95085,7719.19
233.4,3.9523,7712.19
233.5,3.95375,7705.54
233.6,3.95537,7700.34
233.7,3.95725,7698.81
233.8,3.95939,7700.13
233.9,3.96092,7695.46
234,3.96246,7687.93
234.1,3.96408,7683.45
234.2,3.96579,7679.63
234.3,3.9675,7675.83
234.4,3.96912,7671.71
234.5,3.97066,7666.78
234.6,3.97254,7664.33
234.7,3.97441,7663.46
234.8,3.97612,7659.30
234.9,3.97766,7652.98
235,3.97928,7647.53
235.1,3.98099,7643.77
235.2,3.98295,7642.97
235.3,3.98457,7638.47
235.4,3.98603,7631.30
235.5,3.98748,7624.83
235.6,3.98944,7623.93
235.7,3.99158,7625.42
235.8,3.99311,7620.15
235.9,3.99465,7612.60
236,3.99627,7607.75
236.1,3.99798,7603.35
236.2,3.99969,7600.83
236.3,4.00131,7596.02
236.4,4.00285,7591.16
236.5,4.00464,7588.09
236.6,4.0066,7587.15
236.7,4.00831,7583.91
236.8,4.00985,7577.58
236.9,4.0113,7570.84
237,4.01318,7568.31
237.1,4.01514,7567.03
237.2,4.01676,7562.93
237.3,4.01821,7555.51
237.4,4.01967,7549.10
237.5,4.02146,7545.98
237.6,4.02368,7548.34
237.7,4.02539,7544.50
237.8,4.02684,7536.40
237.9,4.02846,7531.27
238,4.03008,7526.75
238.1,4.03179,7523.51
238.2,4.0335,7519.42
238.3,4.03512,7515.08
238.4,4.03683,7510.74
238.5,4.0387,7509.29
238.6,4.0405,7506.64
238.7,4.04203,7500.17
238.8,4.04357,7493.92
238.9,4.04528,7489.08
239,4.04724,7488.54
239.1,4.04904,7485.48
239.2,4.05049,7478.19
239.3,4.05185,7471.01
239.4,4.05365,7467.04
239.5,4.05578,7468.76
239.6,4.05766,7466.60
239.7,4.05903,7458.16
239.8,4.06065,7451.99
239.9,4.06227,7446.96
240,4.06398,7444.05
240.1,4.0656,7439.61
240.2,4.06731,7435.36
240.3,4.06893,7431.38
240.4,4.07081,7428.82
240.5,4.07269,7427.44
240.6,4.07422,7421.08
240.7,4.07576,7414.35
240.8,4.07738,7409.54
240.9,4.07943,7408.86
241,4.08122,7405.88
241.1,4.08267,7399.00
241.2,4.08404,7391.57
241.3,4.08575,7386.33
241.4,4.08788,7387.79
241.5,4.08985,7386.90
241.6,4.0913,7378.76
241.7,4.09284,7371.83
241.8,4.09437,7366.71
241.9,4.09617,7363.46
242,4.09796,7360.88
242.1,4.09958,7355.78
242.2,4.1012,7350.36
242.3,4.10291,7346.66
242.4,4.10479,7344.06
242.5,4.1065,7339.39
242.6,4.10795,7333.14
242.7,4.10957,7327.61
242.8,4.11153,7326.67
242.9,4.11341,7324.04
243,4.11495,7317.45
243.1,4.11631,7310.13
243.2,4.11785,7303.81
243.3,4.1199,7303.88
243.4,4.12195,7304.04
243.5,4.12349,7296.42
243.6,4.12502,7289.69
243.7,4.12665,7284.35
243.8,4.12835,7280.26
243.9,4.13015,7277.96
244,4.13177,7272.66
244.1,4.13331,7266.70
244.2,4.13501,7263.17
244.3,4.13698,7261.64
244.4,4.13868,7257.44
244.5,4.14022,7250.59
244.6,4.14176,7244.63
244.7,4.14364,7241.46
244.8,4.1456,7240.56
244.9,4.14714,7234.39
245,4.14859,7226.90
245.1,4.15004,7220.22
245.2,4.152,7218.31
245.3,4.15405,7219.32
245.4,4.15567,7213.21
245.5,4.15721,7205.80
245.6,4.15883,7200.35
245.7,4.16054,7195.73
245.8,4.16225,7192.19
245.9,4.16396,7187.50
246,4.16549,7181.80
246.1,4.1672,7177.38
246.2,4.16908,7175.29
246.3,4.17087,7172.57
246.4,4.17241,7165.31
246.5,4.17395,7159.23
246.6,4.17574,7154.78
246.7,4.1777,7153.75
246.8,4.17932,7148.51
246.9,4.18078,7140.56
247,4.18223,7133.35
247.1,4.18411,7131.40
247.2,4.18616,7131.47
247.3,4.18786,7126.79
247.4,4.1894,7119.32
247.5,4.19102,7113.21
247.6,4.19264,7108.13
247.7,4.19444,7104.92
247.8,4.19606,7100.38
247.9,4.19768,7094.15
248,4.1993,7089.86
248.1,4.20118,7086.77
248.2,4.20306,7084.90
248.3,4.20468,7078.59
248.4,4.20622,7071.95
248.5,4.20784,7066.57
248.6,4.20981,7063.99
248.7,4.21151,7061.02
248.8,4.21305,7053.02
248.9,4.21442,7045.52
249,4.21621,7041.49
249.1,4.21834,7042.36
249.2,4.22014,7038.84
249.3,4.22167,7030.54
249.4,4.22321,7023.69
249.5,4.22483,7018.50
249.6,4.22654,7014.46
249.7,4.22833,7011.43
249.8,4.22987,7005.34
249.9,4.23149,6999.44
250,4.23337,6996.39
250.1,4.23525,6994.35
250.2,4.23687,6988.10
250.3,4.23841,6981.34
250.4,4.24011,6976.14
250.5,4.24182,6971.88
250.6,4.24379,6969.51
250.7,4.24524,6962.37
250.8,4.2466,6954.67
250.9,4.24831,6949.23
251,4.25045,6949.67
251.1,4.25232,6947.32
251.2,4.25386,6939.41
251.3,4.25523,6930.85
251.4,4.25693,6925.82
251.5,4.25873,6923.05
251.6,4.26061,6919.68
251.7,4.26206,6912.82
251.8,4.26359,6905.76
251.9,4.26556,6903.91
252,4.26744,6901.65
252.1,4.26906,6894.89
252.2,4.2706,6888.15
252.3,4.2723,6882.62
252.4,4.2741,6878.64
252.5,4.27589,6874.74
252.6,4.27743,6867.69
252.7,4.27888,6860.78
252.8,4.28041,6854.54
252.9,4.28246,6854.65
253,4.28451,6853.15
253.1,4.28605,6845.87
253.2,4.2875,6837.39
253.3,4.28912,6830.76
253.4,4.29092,6827.84
253.5,4.29271,6824.57
253.6,4.29433,6818.06
253.7,4.29587,6811.17
253.8,4.29766,6807.85
253.9,4.29954,6804.22
254,4.30125,6800.09
254.1,4.30278,6791.96
254.2,4.30441,6785.84
254.3,4.30611,6781.61
254.4,4.30808,6779.27
254.5,4.3097,6772.85
254.6,4.31115,6765.22
254.7,4.3126,6757.74
254.8,4.31457,6755.62
254.9,4.31662,6755.49
255,4.31824,6748.59
255.1,4.31977,6740.27
255.2,4.32131,6733.43
255.3,4.32302,6728.99
255.4,4.3249,6726.02
255.5,4.32652,6720.67
255.6,4.32806,6713.10
255.7,4.32976,6708.23
255.8,4.33173,6705.91
255.9,4.33352,6701.73
256,4.33497,6693.57
256.1,4.33659,6686.68
256.2,4.3383,6682.03
256.3,4.34018,6678.65
256.4,4.34189,6673.29
256.5,4.34334,6665.95
256.6,4.34479,6657.69
256.7,4.34667,6655.00
256.8,4.34872,6654.04
256.9,4.35043,6648.46
257,4.35196,6639.71
257.1,4.3535,6632.36
257.2,4.35521,6628.03
257.3,4.35708,6624.52
257.4,4.35871,6618.89
257.5,4.36024,6611.54
257.6,4.36187,6605.41
257.7,4.36391,6603.53
257.8,4.36562,6599.01
257.9,4.36724,6591.32
258,4.36878,6584.24
258.1,4.37049,6578.91
258.2,4.37228,6575.23
258.3,4.37408,6570.25
258.4,4.37561,6563.10
258.5,4.37698,6554.83
258.6,4.37877,6550.19
258.7,4.38082,6549.67
258.8,4.38261,6545.31
258.9,4.38415,6536.84
259,4.38569,6528.67
259.1,4.38739,6523.21
259.2,4.38919,6519.65
259.3,4.39089,6514.65
259.4,4.39243,6507.29
259.5,4.39397,6499.50
259.6,4.39602,6498.51
259.7,4.39781,6494.03
259.8,4.39943,6486.11
259.9,4.40097,6478.57
260,4.40268,6472.71
260.1,4.40456,6469.10
260.2,4.40618,6462.92
260.3,4.4078,6456.24
260.4,4.40917,6447.92
260.5,4.41087,6442.32
260.6,4.41292,6441.26
260.7,4.41489,6437.63
260.8,4.41642,6428.87
260.9,4.41787,6420.61
261,4.41958,6414.35
261.1,4.42138,6410.46
261.2,4.42308,6405.53
261.3,4.42462,6398.07
261.4,4.42616,6389.91
261.5,4.42812,6388.13
261.6,4.43,6384.23
261.7,4.43162,6376.45
261.8,4.43316,6368.45
261.9,4.43478,6361.94
262,4.43666,6357.60
262.1,4.43845,6353.45
262.2,4.43999,6345.50
262.3,4.44152,6337.70
262.4,4.44306,6330.94
262.5,4.44503,6327.83
262.6,4.4469,6324.70
262.7,4.44861,6317.72
262.8,4.45006,6309.25
262.9,4.45169,6301.83
263,4.45356,6297.81
263.1,4.45527,6292.54
263.2,4.45689,6285.32
263.3,4.45826,6276.24
263.4,4.46022,6273.31
263.5,4.46219,6270.38
263.6,4.46381,6262.89
263.7,4.46535,6254.09
263.8,4.46705,6247.39
263.9,4.46876,6241.55
264,4.47064,6237.26
264.1,4.47218,6229.95
264.2,4.47363,6221.26
264.3,4.47525,6214.33
264.4,4.47704,6210.04
264.5,4.47918,6208.17
264.6,4.4808,6201.41
264.7,4.48234,6191.68
264.8,4.48387,6183.60
264.9,4.48567,6178.15
265,4.48746,6173.35
265.1,4.48908,6167.09
265.2,4.49053,6158.54
265.3,4.49233,6152.55
265.4,4.49429,6149.59
265.5,4.496,6143.18
265.6,4.49753,6134.25
265.7,4.49916,6126.44
265.8,4.50086,6120.23
265.9,4.50274,6116.01
266,4.50436,6108.85
266.1,4.5059,6100.65
266.2,4.50735,6092.12
266.3,4.50915,6087.15
266.4,4.51128,6085.66
266.5,4.51307,6079.25
266.6,4.51452,6068.93
266.7,4.51606,6060.65
266.8,4.51777,6053.71
266.9,4.51956,6049.36
267,4.52127,6042.94
267.1,4.52272,6033.97
267.2,4.52451,6028.22
267.3,4.52648,6024.09
267.4,4.52818,6017.99
267.5,4.52981,6008.71
267.6,4.53134,6000.11
267.7,4.53305,5993.06
267.8,4.53493,5988.72
267.9,4.53655,5981.35
268,4.53817,5972.54
268.1,4.53963,5963.71
268.2,4.54125,5956.97
268.3,4.54338,5954.64
268.4,4.54526,5949.25
268.5,4.54671,5937.87
268.6,4.54833,5928.07
268.7,4.54996,5917.66
268.8,4.55175,5904.21
268.88,4.55312,5879.10
268.893,4.55363,5846.58
268.894,4.55388,5814.29
268.895,4.55423,5764.08
268.896,4.55457,5696.90
268.897,4.55499,5614.39
268.898,4.55551,5517.79
268.899,4.55593,5408.40
268.9,4.55645,5287.95
268.901,4.55687,5158.43
268.902,4.55738,5021.52
268.903,4.55781,4878.35
268.904,4.55824,4729.80
268.905,4.55867,4576.75
268.906,4.55909,4420.15
268.907,4.55952,4261.00
268.908,4.55995,4100.20
268.909,4.56029,3938.46
268.91,4.56071,3776.43
268.911,4.56106,3614.76
268.912,4.5614,3454.03
268.913,4.56174,3294.70
268.914,4.56208,3137.25
268.915,4.56234,2982.15
268.916,4.56259,2829.81
268.917,4.56285,2680.56
268.918,4.56311,2534.67
268.919,4.56328,2392.43
268.92,4.56345,2254.06
268.921,4.56362,2119.76
268.922,4.56379,1989.69
268.923,4.56396,1863.99
268.924,4.56404,1742.74
268.925,4.56413,1626.02
268.926,4.56422,1513.91
268.927,4.5643,1406.43
268.928,4.5643,1303.60
268.929,4.56439,1205.41
268.93,4.56439,1111.82
268.931,4.56439,1022.79
268.932,4.56439,938.29
268.933,4.56439,858.25
268.934,4.56439,782.61
268.935,4.5643,711.26
268.936,4.5643,644.10
268.937,4.5643,581.03
268.938,4.56422,521.96
268.939,4.56422,466.77
268.94,4.56422,415.33
268.941,4.56413,367.52
268.942,4.56413,323.19
268.943,4.56413,282.22
268.944,4.56413,244.50
268.945,4.56413,209.88
268.946,4.56404,178.24
268.947,4.56404,149.43
268.948,4.56404,123.32
268.95,4.56404,78.69
268.952,4.56396,43.35
268.954,4.56396,16.25
268.955,4.56387,5.49
