Material,Steel
Geometry,Rectangular
Width,"0.12700",mm
Thickness,"12.75080",mm
Length,"50.80000",mm

Time,Extension,Load
(s),(mm),(N)
"0.00000","0.00017","-1.66965"
"0.10000","0.00051","-1.54474"
"0.20000","0.00316","-1.43222"
"0.30000","0.00538","-1.23278"
"0.40000","0.00709","-1.05845"
"0.50000","0.00862","-1.04538"
"0.60000","0.01007","-1.01389"
"0.70000","0.01187","-0.95221"
"0.80000","0.01383","-0.88412"
"0.90000","0.01562","-0.87052"
"1.00000","0.01725","-0.85435"
"1.10000","0.01878","-0.84616"
"1.20000","0.02041","-0.73420"
"1.30000","0.02220","-0.76781"
"1.40000","0.02391","-0.74589"
"1.50000","0.02544","-0.67109"
"1.60000","0.02715","-0.63484"
"1.70000","0.02903","-0.59451"
"1.80000","0.03082","-0.49954"
"1.90000","0.03244","-0.48243"
"2.00000","0.03407","-0.38900"
"2.10000","0.03569","-0.32159"
"2.20000","0.03757","-0.21084"
"2.30000","0.03936","-0.63168"
"2.40000","0.04081","-0.50966"
"2.50000","0.04226","-0.35504"
"2.60000","0.04397","-0.08443"
"2.70000","0.04602","0.27080"
"2.80000","0.04781","0.51956"
"2.90000","0.04943","0.77609"
"3.00000","0.05097","0.89566"
"3.10000","0.05259","1.10293"
"3.20000","0.05430","1.24287"
"3.30000","0.05601","1.41207"
"3.40000","0.05763","1.74577"
"3.50000","0.05934","2.06784"
"3.60000","0.06113","2.50450"
"3.70000","0.06301","2.89009"
"3.80000","0.06463","3.28940"
"3.90000","0.06625","3.86220"
"4.00000","0.06779","4.47699"
"4.10000","0.06958","5.17602"
"4.20000","0.07146","5.95768"
"4.30000","0.07308","6.58345"
"4.40000","0.07454","7.33832"
"4.50000","0.07616","8.20697"
"4.60000","0.07812","9.80957"
"4.70000","0.08000","11.70641"
"4.80000","0.08162","13.69385"
"4.90000","0.08324","15.77748"
"5.00000","0.08478","18.54710"
"5.10000","0.08649","21.44378"
"5.20000","0.08820","25.00553"
"5.30000","0.08982","28.41460"
"5.40000","0.09144","31.87928"
"5.50000","0.09323","35.91167"
"5.60000","0.09511","40.55892"
"5.70000","0.09682","44.92494"
"5.80000","0.09844","49.00352"
"5.90000","0.09998","52.95594"
"6.00000","0.10177","57.73512"
"6.10000","0.10374","62.87479"
"6.20000","0.10527","67.38223"
"6.30000","0.10672","71.37012"
"6.40000","0.10826","75.03279"
"6.50000","0.11014","79.98380"
"6.60000","0.11219","85.29356"
"6.70000","0.11381","89.93456"
"6.80000","0.11535","94.03131"
"6.90000","0.11697","98.28972"
"7.00000","0.11868","102.74369"
"7.10000","0.12047","107.63797"
"7.20000","0.12209","112.14506"
"7.30000","0.12371","116.43900"
"7.40000","0.12542","121.00000"
"7.50000","0.12722","125.97012"
"7.60000","0.12901","130.78809"
"7.70000","0.13063","135.24071"
"7.80000","0.13217","139.34175"
"7.90000","0.13396","143.96982"
"8.00000","0.13592","149.29791"
"8.10000","0.13746","153.89186"
"8.20000","0.13900","158.07455"
"8.30000","0.14045","162.03922"
"8.40000","0.14233","166.75423"
"8.50000","0.14429","172.37335"
"8.60000","0.14608","177.26163"
"8.70000","0.14754","181.43336"
"8.80000","0.14924","185.96217"
"8.90000","0.15087","190.35147"
"9.00000","0.15257","195.19218"
"9.10000","0.15428","199.94299"
"9.20000","0.15582","204.15575"
"9.30000","0.15753","208.60983"
"9.40000","0.15940","213.69186"
"9.50000","0.16120","218.71117"
"9.60000","0.16282","223.10181"
"9.70000","0.16436","227.42441"
"9.80000","0.16606","231.88701"
"9.90000","0.16794","236.92351"
"10.00000","0.16973","242.05569"
"10.10000","0.17119","246.10843"
"10.20000","0.17264","250.02507"
"10.30000","0.17434","254.43491"
"10.40000","0.17639","259.91931"
"10.50000","0.17827","265.39551"
"10.60000","0.17981","269.81592"
"10.70000","0.18135","274.40253"
"10.80000","0.18297","279.27679"
"10.90000","0.18476","284.52048"
"11.00000","0.18647","289.91055"
"11.10000","0.18801","294.87201"
"11.20000","0.18963","299.77209"
"11.30000","0.19151","305.30408"
"11.40000","0.19338","311.04422"
"11.50000","0.19501","316.37360"
"11.60000","0.19654","321.25943"
"11.70000","0.19817","326.20557"
"11.80000","0.20013","331.68246"
"11.90000","0.20192","337.52335"
"12.00000","0.20337","342.25293"
"12.10000","0.20483","346.71402"
"12.20000","0.20653","351.52533"
"12.30000","0.20858","357.61505"
"12.40000","0.21037","363.68170"
"12.50000","0.21200","368.66647"
"12.60000","0.21362","373.50711"
"12.70000","0.21516","378.34622"
"12.80000","0.21695","383.54471"
"12.90000","0.21874","389.09036"
"13.00000","0.22028","393.96066"
"13.10000","0.22182","398.59286"
"13.20000","0.22369","404.03418"
"13.30000","0.22549","409.76810"
"13.40000","0.22719","415.11246"
"13.50000","0.22882","419.88300"
"13.60000","0.23044","424.69492"
"13.70000","0.23223","430.05051"
"13.80000","0.23411","435.87125"
"13.90000","0.23565","440.59821"
"14.00000","0.23710","444.96924"
"14.10000","0.23864","449.59836"
"14.20000","0.24060","455.19867"
"14.30000","0.24256","461.34372"
"14.40000","0.24419","466.34406"
"14.50000","0.24581","470.88251"
"14.60000","0.24734","475.68454"
"14.70000","0.24905","480.66086"
"14.80000","0.25084","486.03247"
"14.90000","0.25247","490.97748"
"15.00000","0.25400","495.43140"
"15.10000","0.25580","500.58569"
"15.20000","0.25768","506.14792"
"15.30000","0.25938","511.52048"
"15.40000","0.26101","516.15186"
"15.50000","0.26263","520.87201"
"15.60000","0.26433","525.91217"
"15.70000","0.26621","531.42792"
"15.80000","0.26784","536.47748"
"15.90000","0.26929","540.86481"
"16.00000","0.27082","545.16370"
"16.10000","0.27279","550.49463"
"16.20000","0.27475","556.80823"
"16.30000","0.27637","561.77313"
"16.40000","0.27791","566.19330"
"16.50000","0.27953","570.65735"
"16.60000","0.28124","575.66553"
"16.70000","0.28303","580.81543"
"16.80000","0.28466","585.95569"
"16.90000","0.28619","590.27063"
"17.00000","0.28798","595.29169"
"17.10000","0.28986","600.73914"
"17.20000","0.29157","606.01392"
"17.30000","0.29319","610.70099"
"17.40000","0.29482","615.38342"
"17.50000","0.29652","620.22864"
"17.60000","0.29832","625.42731"
"17.70000","0.30002","630.50085"
"17.80000","0.30147","634.74341"
"17.90000","0.30301","638.93390"
"18.00000","0.30480","643.89594"
"18.10000","0.30685","649.86414"
"18.20000","0.30856","655.14221"
"18.30000","0.31010","659.32336"
"18.40000","0.31172","663.87604"
"18.50000","0.31334","668.52881"
"18.60000","0.31514","673.55133"
"18.70000","0.31684","678.46136"
"18.80000","0.31838","682.84137"
"18.90000","0.32009","687.53607"
"19.00000","0.32197","692.87775"
"19.10000","0.32376","698.05591"
"19.20000","0.32538","702.84357"
"19.30000","0.32692","707.11536"
"19.40000","0.32863","711.74597"
"19.50000","0.33050","716.98846"
"19.60000","0.33221","722.25946"
"19.70000","0.33375","726.51221"
"19.80000","0.33520","730.55511"
"19.90000","0.33691","734.97253"
"20.00000","0.33896","741.00055"
"20.10000","0.34083","746.39606"
"20.20000","0.34237","750.62384"
"20.30000","0.34391","755.03833"
"20.40000","0.34553","759.42883"
"20.50000","0.34732","764.46399"
"20.60000","0.34903","769.41339"
"20.70000","0.35057","773.87372"
"20.80000","0.35219","778.34875"
"20.90000","0.35415","783.53076"
"21.00000","0.35595","788.94385"
"21.10000","0.35757","793.34821"
"21.20000","0.35919","797.70728"
"21.30000","0.36081","802.36890"
"21.40000","0.36269","807.35919"
"21.50000","0.36440","812.44116"
"21.60000","0.36594","816.82629"
"21.70000","0.36747","820.71954"
"21.80000","0.36910","825.08386"
"21.90000","0.37106","830.79083"
"22.00000","0.37302","836.26300"
"22.10000","0.37456","840.62549"
"22.20000","0.37610","844.70251"
"22.30000","0.37772","849.17065"
"22.40000","0.37951","853.92291"
"22.50000","0.38122","858.84973"
"22.60000","0.38284","863.39197"
"22.70000","0.38446","867.58356"
"22.80000","0.38626","872.42352"
"22.90000","0.38814","877.72375"
"23.00000","0.38976","882.45215"
"23.10000","0.39138","886.69769"
"23.20000","0.39300","890.95599"
"23.30000","0.39479","895.92664"
"23.40000","0.39659","900.91010"
"23.50000","0.39821","905.26117"
"23.60000","0.39966","909.45093"
"23.70000","0.40120","913.48712"
"23.80000","0.40316","918.56824"
"23.90000","0.40513","924.30585"
"24.00000","0.40675","928.76709"
"24.10000","0.40828","932.92944"
"24.20000","0.40991","937.10797"
"24.30000","0.41161","941.75128"
"24.40000","0.41341","946.68195"
"24.50000","0.41503","951.14911"
"24.60000","0.41657","954.86224"
"24.70000","0.41844","959.90710"
"24.80000","0.42032","965.05731"
"24.90000","0.42195","969.84741"
"25.00000","0.42357","973.97900"
"25.10000","0.42519","978.11835"
"25.20000","0.42698","982.86926"
"25.30000","0.42878","987.98224"
"25.40000","0.43040","992.08954"
"25.50000","0.43185","996.13989"
"25.60000","0.43339","999.92303"
"25.70000","0.43526","1,004.85028"
"25.80000","0.43731","1,010.40149"
"25.90000","0.43894","1,015.25775"
"26.00000","0.44056","1,019.19995"
"26.10000","0.44209","1,023.25311"
"26.20000","0.44380","1,027.58972"
"26.30000","0.44560","1,032.41956"
"26.40000","0.44730","1,036.95483"
"26.50000","0.44875","1,040.73291"
"26.60000","0.45055","1,045.34631"
"26.70000","0.45243","1,050.49023"
"26.80000","0.45413","1,055.37341"
"26.90000","0.45576","1,059.30859"
"27.00000","0.45729","1,063.49438"
"27.10000","0.45909","1,068.03442"
"27.20000","0.46096","1,073.05554"
"27.30000","0.46259","1,077.58423"
"27.40000","0.46412","1,081.50061"
"27.50000","0.46557","1,085.20593"
"27.60000","0.46737","1,089.80017"
"27.70000","0.46942","1,095.28735"
"27.80000","0.47112","1,099.98364"
"27.90000","0.47275","1,103.97717"
"28.00000","0.47428","1,108.18323"
"28.10000","0.47599","1,112.39734"
"28.20000","0.47778","1,117.10583"
"28.30000","0.47949","1,121.65125"
"28.40000","0.48094","1,125.69299"
"28.50000","0.48265","1,129.88806"
"28.60000","0.48461","1,134.87195"
"28.70000","0.48632","1,139.76831"
"28.80000","0.48794","1,143.85474"
"28.90000","0.48957","1,148.03040"
"29.00000","0.49119","1,152.16699"
"29.10000","0.49307","1,156.99060"
"29.20000","0.49477","1,161.70361"
"29.30000","0.49631","1,165.43701"
"29.40000","0.49776","1,169.09119"
"29.50000","0.49947","1,173.51929"
"29.60000","0.50143","1,178.58496"
"29.70000","0.50340","1,183.83398"
"29.80000","0.50493","1,187.79053"
"29.90000","0.50647","1,191.55042"
"30.00000","0.50809","1,195.56970"
"30.10000","0.50989","1,200.21838"
"30.20000","0.51159","1,204.84607"
"30.30000","0.51322","1,208.92017"
"30.40000","0.51475","1,212.68860"
"30.50000","0.51663","1,217.70911"
"30.60000","0.51851","1,222.52783"
"30.70000","0.52013","1,226.72925"
"30.80000","0.52175","1,230.62170"
"30.90000","0.52338","1,234.73303"
"31.00000","0.52525","1,239.44763"
"31.10000","0.52696","1,243.96753"
"31.20000","0.52850","1,248.06567"
"31.30000","0.53004","1,251.63818"
"31.40000","0.53166","1,255.77832"
"31.50000","0.53362","1,260.73914"
"31.60000","0.53559","1,266.01147"
"31.70000","0.53712","1,269.95789"
"31.80000","0.53866","1,273.70264"
"31.90000","0.54028","1,277.77783"
"32.00000","0.54199","1,282.09973"
"32.10000","0.54378","1,286.68799"
"32.20000","0.54532","1,290.68604"
"32.30000","0.54694","1,294.56873"
"32.40000","0.54882","1,299.19946"
"32.50000","0.55070","1,303.97375"
"32.60000","0.55232","1,308.41907"
"32.70000","0.55394","1,312.22412"
"32.80000","0.55556","1,316.09338"
"32.90000","0.55736","1,320.44910"
"33.00000","0.55915","1,325.33716"
"33.10000","0.56069","1,329.11902"
"33.20000","0.56222","1,332.73596"
"33.30000","0.56376","1,336.51819"
"33.40000","0.56564","1,341.06995"
"33.50000","0.56769","1,346.55640"
"33.60000","0.56931","1,350.59485"
"33.70000","0.57085","1,354.30774"
"33.80000","0.57247","1,358.18347"
"33.90000","0.57418","1,362.37805"
"34.00000","0.57597","1,366.83154"
"34.10000","0.57759","1,371.01501"
"34.20000","0.57913","1,374.60132"
"34.30000","0.58092","1,378.78931"
"34.40000","0.58280","1,383.66919"
"34.50000","0.58451","1,388.25818"
"34.60000","0.58613","1,392.02832"
"34.70000","0.58775","1,395.78613"
"34.80000","0.58946","1,399.99634"
"34.90000","0.59134","1,404.78101"
"35.00000","0.59296","1,408.99719"
"35.10000","0.59450","1,412.37317"
"35.20000","0.59595","1,416.02771"
"35.30000","0.59783","1,420.39929"
"35.40000","0.59979","1,425.53357"
"35.50000","0.60150","1,429.80835"
"35.60000","0.60304","1,433.53870"
"35.70000","0.60466","1,437.37744"
"35.80000","0.60636","1,441.29712"
"35.90000","0.60816","1,445.76672"
"36.00000","0.60978","1,449.85962"
"36.10000","0.61132","1,453.32788"
"36.20000","0.61311","1,457.50049"
"36.30000","0.61499","1,462.19897"
"36.40000","0.61670","1,466.63989"
"36.50000","0.61832","1,470.46924"
"36.60000","0.61977","1,473.91516"
"36.70000","0.62156","1,478.13843"
"36.80000","0.62353","1,482.92334"
"36.90000","0.62523","1,487.10156"
"37.00000","0.62669","1,490.42322"
"37.10000","0.62814","1,493.86536"
"37.20000","0.62993","1,497.85901"
"37.30000","0.63198","1,502.93274"
"37.40000","0.63377","1,507.61047"
"37.50000","0.63531","1,511.09961"
"37.60000","0.63693","1,514.89233"
"37.70000","0.63855","1,518.59851"
"37.80000","0.64026","1,522.80261"
"37.90000","0.64197","1,527.11121"
"38.00000","0.64351","1,530.59216"
"38.10000","0.64521","1,534.35632"
"38.20000","0.64709","1,539.07703"
"38.30000","0.64897","1,543.60547"
"38.40000","0.65051","1,547.41187"
"38.50000","0.65213","1,550.97083"
"38.60000","0.65375","1,554.79773"
"38.70000","0.65563","1,559.27686"
"38.80000","0.65742","1,563.69189"
"38.90000","0.65887","1,567.08423"
"39.00000","0.66041","1,570.47644"
"39.10000","0.66203","1,574.35681"
"39.20000","0.66400","1,578.98425"
"39.30000","0.66596","1,583.88257"
"39.40000","0.66750","1,587.51990"
"39.50000","0.66912","1,591.03369"
"39.60000","0.67066","1,594.68140"
"39.70000","0.67245","1,598.73340"
"39.80000","0.67416","1,602.80884"
"39.90000","0.67569","1,606.39246"
"40.00000","0.67732","1,610.03577"
"40.10000","0.67919","1,614.36902"
"40.20000","0.68107","1,618.90942"
"40.30000","0.68269","1,622.93506"
"40.40000","0.68432","1,626.49988"
"40.50000","0.68594","1,630.16675"
"40.60000","0.68765","1,634.19617"
"40.70000","0.68952","1,638.69592"
"40.80000","0.69115","1,642.33020"
"40.90000","0.69251","1,645.49622"
"41.00000","0.69413","1,648.98267"
"41.10000","0.69618","1,653.71777"
"41.20000","0.69815","1,658.64465"
"41.30000","0.69968","1,662.37671"
"41.40000","0.70122","1,665.82385"
"41.50000","0.70284","1,669.16296"
"41.60000","0.70455","1,672.98132"
"41.70000","0.70634","1,677.09961"
"41.80000","0.70788","1,680.90808"
"41.90000","0.70950","1,684.57458"
"42.00000","0.71138","1,688.54102"
"42.10000","0.71326","1,693.10291"
"42.20000","0.71488","1,697.03003"
"42.30000","0.71650","1,700.48755"
"42.40000","0.71804","1,703.97070"
"42.50000","0.71983","1,708.00806"
"42.60000","0.72180","1,712.62085"
"42.70000","0.72333","1,716.29846"
"42.80000","0.72479","1,719.41394"
"42.90000","0.72632","1,722.66785"
"43.00000","0.72829","1,726.94580"
"43.10000","0.73034","1,731.98926"
"43.20000","0.73196","1,735.72034"
"43.30000","0.73349","1,739.00159"
"43.40000","0.73503","1,742.49133"
"43.50000","0.73674","1,746.14917"
"43.60000","0.73845","1,750.06482"
"43.70000","0.74007","1,753.74414"
"43.80000","0.74178","1,757.49585"
"43.90000","0.74348","1,760.58191"
"44.00000","0.74536","1,763.72412"
"44.10000","0.74707","1,767.64990"
"44.20000","0.74869","1,771.13232"
"44.30000","0.75031","1,774.44409"
"44.40000","0.75194","1,777.86353"
"44.50000","0.75390","1,782.09143"
"44.60000","0.75552","1,786.23633"
"44.70000","0.75706","1,789.40137"
"44.80000","0.75851","1,792.34485"
"44.90000","0.76039","1,796.29590"
"45.00000","0.76244","1,801.27148"
"45.10000","0.76415","1,805.27368"
"45.20000","0.76568","1,808.27002"
"45.30000","0.76722","1,811.73792"
"45.40000","0.76893","1,815.31921"
"45.50000","0.77063","1,819.30469"
"45.60000","0.77226","1,822.88965"
"45.70000","0.77388","1,826.40564"
"45.80000","0.77559","1,829.96838"
"45.90000","0.77755","1,834.38184"
"46.00000","0.77934","1,838.44641"
"46.10000","0.78088","1,841.87708"
"46.20000","0.78242","1,845.22375"
"46.30000","0.78412","1,848.71985"
"46.40000","0.78609","1,853.17334"
"46.50000","0.78780","1,857.01013"
"46.60000","0.78925","1,860.15955"
"46.70000","0.79070","1,863.13501"
"46.80000","0.79249","1,866.70483"
"46.90000","0.79454","1,871.50281"
"47.00000","0.79633","1,875.62561"
"47.10000","0.79787","1,878.92334"
"47.20000","0.79941","1,882.04224"
"47.30000","0.80103","1,885.40491"
"47.40000","0.80282","1,889.23608"
"47.50000","0.80453","1,893.06812"
"47.60000","0.80615","1,896.59790"
"47.70000","0.80778","1,899.92224"
"47.80000","0.80965","1,903.81079"
"47.90000","0.81145","1,907.75305"
"48.00000","0.81307","1,911.27539"
"48.10000","0.81461","1,914.50464"
"48.20000","0.81623","1,917.68054"
"48.30000","0.81819","1,921.96790"
"48.40000","0.81998","1,926.06042"
"48.50000","0.82152","1,929.09729"
"48.60000","0.82289","1,931.95776"
"48.70000","0.82459","1,935.01709"
"48.80000","0.82664","1,939.60693"
"48.90000","0.82852","1,943.88135"
"49.00000","0.83006","1,946.92566"
"49.10000","0.83168","1,950.08618"
"49.20000","0.83322","1,953.28516"
"49.30000","0.83501","1,957.04724"
"49.40000","0.83672","1,960.77600"
"49.50000","0.83834","1,963.93237"
"49.60000","0.83988","1,966.96838"
"49.70000","0.84176","1,970.91040"
"49.80000","0.84363","1,974.84937"
"49.90000","0.84526","1,978.46667"
"50.00000","0.84688","1,981.48938"
"50.10000","0.84842","1,984.50757"
"50.20000","0.85029","1,988.46802"
"50.30000","0.85217","1,992.48608"
"50.40000","0.85371","1,995.48584"
"50.50000","0.85516","1,998.19397"
"50.60000","0.85670","2,001.19104"
"50.70000","0.85875","2,005.36194"
"50.80000","0.86063","2,009.64722"
"50.90000","0.86225","2,012.77795"
"51.00000","0.86387","2,015.76428"
"51.10000","0.86541","2,018.77087"
"51.20000","0.86711","2,022.11780"
"51.30000","0.86891","2,025.60986"
"51.40000","0.87044","2,028.79236"
"51.50000","0.87207","2,031.84998"
"51.60000","0.87386","2,035.39221"
"51.70000","0.87574","2,039.22461"
"51.80000","0.87744","2,042.73853"
"51.90000","0.87907","2,045.55969"
"52.00000","0.88069","2,048.60938"
"52.10000","0.88240","2,051.86621"
"52.20000","0.88436","2,055.80273"
"52.30000","0.88590","2,058.92212"
"52.40000","0.88735","2,061.47437"
"52.50000","0.88889","2,064.17822"
"52.60000","0.89085","2,068.02002"
"52.70000","0.89281","2,072.04858"
"52.80000","0.89452","2,075.34741"
"52.90000","0.89606","2,078.04175"
"53.00000","0.89759","2,081.03442"
"53.10000","0.89930","2,084.03149"
"53.20000","0.90109","2,087.48682"
"53.30000","0.90272","2,090.58130"
"53.40000","0.90425","2,093.23999"
"53.50000","0.90596","2,096.38965"
"53.60000","0.90784","2,100.00391"
"53.70000","0.90972","2,103.52197"
"53.80000","0.91125","2,106.19263"
"53.90000","0.91288","2,109.04102"
"54.00000","0.91458","2,111.97925"
"54.10000","0.91646","2,115.50806"
"54.20000","0.91809","2,118.59424"
"54.30000","0.91962","2,121.01392"
"54.40000","0.92107","2,123.36279"
"54.50000","0.92287","2,126.48975"
"54.60000","0.92492","2,129.05786"
"54.70000","0.92671","2,132.21655"
"54.80000","0.92825","2,134.67163"
"54.90000","0.92978","2,137.20850"
"55.00000","0.93140","2,139.90576"
"55.10000","0.93320","2,143.02612"
"55.20000","0.93491","2,145.84644"
"55.30000","0.93644","2,148.18921"
"55.40000","0.93815","2,150.86060"
"55.50000","0.94003","2,154.14673"
"55.60000","0.94182","2,157.49561"
"55.70000","0.94344","2,160.01465"
"55.80000","0.94507","2,162.54810"
"55.90000","0.94669","2,165.03662"
"56.00000","0.94857","2,168.07593"
"56.10000","0.95027","2,171.45630"
"56.20000","0.95181","2,173.61963"
"56.30000","0.95326","2,175.66260"
"56.40000","0.95497","2,178.26782"
"56.50000","0.95710","2,182.04370"
"56.60000","0.95890","2,185.12573"
"56.70000","0.96043","2,187.40210"
"56.80000","0.96189","2,189.58228"
"56.90000","0.96359","2,192.02734"
"57.00000","0.96539","2,194.91895"
"57.10000","0.96718","2,197.66650"
"57.20000","0.96863","2,199.95898"
"57.30000","0.97034","2,202.28052"
"57.40000","0.97222","2,205.23364"
"57.50000","0.97401","2,208.32520"
"57.60000","0.97563","2,210.52173"
"57.70000","0.97725","2,212.66113"
"57.80000","0.97896","2,215.09131"
"57.90000","0.98075","2,217.87891"
"58.00000","0.98246","2,220.52417"
"58.10000","0.98400","2,222.49121"
"58.20000","0.98545","2,224.30688"
"58.30000","0.98716","2,226.41406"
"58.40000","0.98921","2,229.71924"
"58.50000","0.99108","2,232.83838"
"58.60000","0.99262","2,234.72949"
"58.70000","0.99416","2,236.46777"
"58.80000","0.99578","2,238.36401"
"58.90000","0.99757","2,240.95752"
"59.00000","0.99928","2,243.36353"
"59.10000","1.00090","2,245.45605"
"59.20000","1.00253","2,247.47534"
"59.30000","1.00432","2,250.01929"
"59.40000","1.00620","2,252.52295"
"59.50000","1.00782","2,254.78345"
"59.60000","1.00936","2,256.33643"
"59.70000","1.01098","2,258.10693"
"59.80000","1.01286","2,260.57104"
"59.90000","1.01473","2,263.37305"
"60.00000","1.01627","2,264.99658"
"60.10000","1.01772","2,266.52246"
"60.20000","1.01926","2,268.09302"
"60.30000","1.02122","2,270.78662"
"60.40000","1.02327","2,273.78003"
"60.50000","1.02481","2,275.28369"
"60.60000","1.02635","2,276.78882"
"60.70000","1.02797","2,278.48975"
"60.80000","1.02976","2,280.61255"
"60.90000","1.03147","2,282.86450"
"61.00000","1.03309","2,284.56763"
"61.10000","1.03463","2,285.87305"
"61.20000","1.03642","2,287.83203"
"61.30000","1.03838","2,290.50952"
"61.40000","1.04001","2,292.26978"
"61.50000","1.04163","2,293.71875"
"61.60000","1.04325","2,295.24561"
"61.70000","1.04496","2,297.07080"
"61.80000","1.04684","2,299.33936"
"61.90000","1.04846","2,301.01221"
"62.00000","1.04991","2,302.05811"
"62.10000","1.05145","2,303.27954"
"62.20000","1.05341","2,305.36450"
"62.30000","1.05538","2,308.20532"
"62.40000","1.05700","2,309.65039"
"62.50000","1.05853","2,310.63843"
"62.60000","1.06007","2,311.88184"
"62.70000","1.06186","2,313.62524"
"62.80000","1.06366","2,315.36377"
"62.90000","1.06528","2,316.94604"
"63.00000","1.06690","2,318.17529"
"63.10000","1.06861","2,319.59326"
"63.20000","1.07049","2,321.96533"
"63.30000","1.07228","2,323.60669"
"63.40000","1.07382","2,324.64355"
"63.50000","1.07544","2,325.96313"
"63.60000","1.07715","2,327.46191"
"63.70000","1.07894","2,329.29541"
"63.80000","1.08065","2,330.66846"
"63.90000","1.08218","2,331.68945"
"64.00000","1.08364","2,332.50854"
"64.10000","1.08543","2,334.06934"
"64.20000","1.08756","2,336.61304"
"64.30000","1.08927","2,337.97168"
"64.40000","1.09081","2,338.92529"
"64.50000","1.09234","2,340.00366"
"64.60000","1.09405","2,341.19629"
"64.70000","1.09585","2,342.91724"
"64.80000","1.09755","2,344.40063"
"64.90000","1.09900","2,345.09912"
"65.00000","1.10071","2,346.34082"
"65.10000","1.10268","2,348.36157"
"65.20000","1.10447","2,349.73486"
"65.30000","1.10601","2,350.61768"
"65.40000","1.10763","2,351.57593"
"65.50000","1.10934","2,352.85840"
"65.60000","1.11121","2,354.64233"
"65.70000","1.11275","2,355.70996"
"65.80000","1.11437","2,356.66772"
"65.90000","1.11582","2,357.08740"
"66.00000","1.11753","2,358.46558"
"66.10000","1.11967","2,360.70337"
"66.20000","1.12137","2,362.15674"
"66.30000","1.12300","2,362.78662"
"66.40000","1.12453","2,363.51221"
"66.50000","1.12616","2,364.45190"
"66.60000","1.12795","2,365.81201"
"66.70000","1.12974","2,367.11035"
"66.80000","1.13119","2,367.84570"
"66.90000","1.13290","2,368.61426"
"67.00000","1.13478","2,370.48462"
"67.10000","1.13657","2,372.04272"
"67.20000","1.13819","2,372.75122"
"67.30000","1.13982","2,373.56250"
"67.40000","1.14144","2,374.53003"
"67.50000","1.14323","2,375.86987"
"67.60000","1.14511","2,377.29712"
"67.70000","1.14656","2,377.84204"
"67.80000","1.14810","2,378.43945"
"67.90000","1.14972","2,379.43555"
"68.00000","1.15168","2,381.04102"
"68.10000","1.15365","2,382.80762"
"68.20000","1.15518","2,383.23999"
"68.30000","1.15672","2,383.98389"
"68.40000","1.15834","2,384.69312"
"68.50000","1.16014","2,386.09717"
"68.60000","1.16193","2,387.28809"
"68.70000","1.16347","2,388.03931"
"68.80000","1.16500","2,388.61133"
"68.90000","1.16697","2,390.12744"
"69.00000","1.16884","2,391.60376"
"69.10000","1.17038","2,392.26538"
"69.20000","1.17200","2,392.87451"
"69.30000","1.17363","2,393.54468"
"69.40000","1.17542","2,394.80591"
"69.50000","1.17721","2,396.15405"
"69.60000","1.17875","2,396.59961"
"69.70000","1.18020","2,397.03906"
"69.80000","1.18191","2,397.83521"
"69.90000","1.18370","2,399.19043"
"70.00000","1.18575","2,401.07715"
"70.10000","1.18737","2,401.85400"
"70.20000","1.18891","2,402.31592"
"70.30000","1.19053","2,402.89209"
"70.40000","1.19224","2,403.85791"
"70.50000","1.19403","2,405.06445"
"70.60000","1.19565","2,405.93408"
"70.70000","1.19719","2,406.39844"
"70.80000","1.19898","2,407.53857"
"70.90000","1.20095","2,409.10669"
"71.00000","1.20266","2,409.95947"
"71.10000","1.20419","2,410.34888"
"71.20000","1.20573","2,410.99072"
"71.30000","1.20761","2,412.05078"
"71.40000","1.20940","2,413.42090"
"71.50000","1.21102","2,413.94824"
"71.60000","1.21247","2,414.51147"
"71.70000","1.21401","2,414.83276"
"71.80000","1.21589","2,416.11670"
"71.90000","1.21802","2,418.26660"
"72.00000","1.21965","2,418.87085"
"72.10000","1.22110","2,418.99976"
"72.20000","1.22272","2,419.66772"
"72.30000","1.22434","2,420.37939"
"72.40000","1.22622","2,421.56934"
"72.50000","1.22784","2,422.38354"
"72.60000","1.22938","2,422.78125"
"72.70000","1.23117","2,423.69287"
"72.80000","1.23314","2,425.17407"
"72.90000","1.23484","2,426.03198"
"73.00000","1.23638","2,426.43262"
"73.10000","1.23800","2,427.01147"
"73.20000","1.23971","2,427.90991"
"73.30000","1.24159","2,429.32471"
"73.40000","1.24321","2,429.89087"
"73.50000","1.24475","2,430.22754"
"73.60000","1.24620","2,430.57471"
"73.70000","1.24791","2,431.47046"
"73.80000","1.25004","2,433.38550"
"73.90000","1.25183","2,434.67603"
"74.00000","1.25337","2,434.65576"
"74.10000","1.25491","2,435.17090"
"74.20000","1.25661","2,435.85083"
"74.30000","1.25832","2,436.89771"
"74.40000","1.26003","2,437.75586"
"74.50000","1.26157","2,438.26440"
"74.60000","1.26319","2,438.70044"
"74.70000","1.26515","2,440.07666"
"74.80000","1.26703","2,441.30811"
"74.90000","1.26857","2,441.62085"
"75.00000","1.27010","2,442.01074"
"75.10000","1.27181","2,442.62183"
"75.20000","1.27369","2,443.81641"
"75.30000","1.27548","2,444.92090"
"75.40000","1.27702","2,444.97656"
"75.50000","1.27847","2,445.23950"
"75.60000","1.28009","2,446.08398"
"75.70000","1.28214","2,447.68823"
"75.80000","1.28402","2,449.06006"
"75.90000","1.28556","2,449.15698"
"76.00000","1.28710","2,449.55908"
"76.10000","1.28872","2,450.16724"
"76.20000","1.29051","2,450.86304"
"76.30000","1.29222","2,451.51147"
"76.40000","1.29376","2,451.77686"
"76.50000","1.29538","2,452.26758"
"76.60000","1.29734","2,453.52881"
"76.70000","1.29922","2,454.86060"
"76.80000","1.30076","2,455.20020"
"76.90000","1.30229","2,455.33765"
"77.00000","1.30392","2,455.80957"
"77.10000","1.30588","2,457.10620"
"77.20000","1.30767","2,458.19946"
"77.30000","1.30912","2,458.19604"
"77.40000","1.31057","2,458.33569"
"77.50000","1.31220","2,458.82129"
"77.60000","1.31425","2,460.34155"
"77.70000","1.31630","2,462.00049"
"77.80000","1.31775","2,462.15088"
"77.90000","1.31937","2,462.34204"
"78.00000","1.32091","2,462.87622"
"78.10000","1.32270","2,463.64966"
"78.20000","1.32441","2,464.59570"
"78.30000","1.32603","2,465.09839"
"78.40000","1.32748","2,465.26025"
"78.50000","1.32944","2,466.48633"
"78.60000","1.33132","2,467.77124"
"78.70000","1.33303","2,468.37280"
"78.80000","1.33457","2,468.61108"
"78.90000","1.33610","2,468.93774"
"79.00000","1.33798","2,469.84619"
"79.10000","1.33986","2,471.11694"
"79.20000","1.34140","2,471.21509"
"79.30000","1.34285","2,471.34131"
"79.40000","1.34439","2,471.59033"
"79.50000","1.34635","2,472.78345"
"79.60000","1.34840","2,474.40869"
"79.70000","1.35002","2,474.88916"
"79.80000","1.35156","2,474.86060"
"79.90000","1.35318","2,475.39453"
"80.00000","1.35480","2,475.93384"
"80.10000","1.35659","2,476.73657"
"80.20000","1.35822","2,477.29395"
"80.30000","1.35975","2,477.62720"
"80.40000","1.36155","2,478.39478"
"80.50000","1.36342","2,479.76953"
"80.60000","1.36522","2,480.46826"
"80.70000","1.36675","2,480.66577"
"80.80000","1.36838","2,481.05249"
"80.90000","1.37000","2,481.58960"
"81.00000","1.37188","2,482.63696"
"81.10000","1.37358","2,483.35669"
"81.20000","1.37512","2,483.41870"
"81.30000","1.37649","2,483.29102"
"81.40000","1.37845","2,484.39233"
"81.50000","1.38050","2,486.05225"
"81.60000","1.38221","2,486.67798"
"81.70000","1.38374","2,486.54126"
"81.80000","1.38528","2,486.84570"
"81.90000","1.38699","2,487.21216"
"82.00000","1.38870","2,487.93579"
"82.08100","1.39040","2,449.01978"
"82.08200","1.39066","2,422.05981"
"82.08300","1.39083","2,387.47974"
"82.08400","1.39109","2,345.84253"
"82.08500","1.39126","2,298.00000"
"82.08600","1.39151","2,244.89355"
"82.08700","1.39177","2,187.38940"
"82.08800","1.39194","2,126.23242"
"82.08900","1.39220","2,062.20532"
"82.09000","1.39237","1,996.18713"
"82.09100","1.39262","1,928.82361"
"82.09200","1.39280","1,860.37671"
"82.09300","1.39297","1,790.95520"
"82.09400","1.39322","1,720.68726"
"82.09500","1.39339","1,649.76062"
"82.09600","1.39356","1,578.44727"
"82.09700","1.39373","1,507.12219"
"82.09800","1.39391","1,436.18018"
"82.09900","1.39399","1,365.91943"
"82.10000","1.39416","1,296.53540"
"82.10100","1.39433","1,228.18506"
"82.10200","1.39442","1,161.03088"
"82.10300","1.39450","1,095.21008"
"82.10400","1.39459","1,030.82446"
"82.10500","1.39467","967.99371"
"82.10600","1.39476","906.85425"
"82.10700","1.39484","847.50562"
"82.10800","1.39493","790.00482"
"82.10900","1.39493","734.40454"
"82.11000","1.39502","680.75189"
"82.11100","1.39502","629.07794"
"82.11200","1.39510","579.41516"
"82.11300","1.39510","531.78949"
"82.11400","1.39510","486.20465"
"82.11500","1.39510","442.65491"
"82.11600","1.39510","401.13577"
"82.11700","1.39510","361.63229"
"82.11800","1.39510","324.11951"
"82.11900","1.39510","288.57330"
"82.12000","1.39510","254.96382"
"82.12100","1.39510","223.24835"
"82.12200","1.39510","193.38345"
"82.12300","1.39510","165.33078"
"82.12400","1.39510","139.04398"
"82.12600","1.39510","91.55427"
"82.12800","1.39510","50.47164"
"82.13000","1.39510","15.35243"
"82.13100","1.39510","-0.11294"
